{
    "aerosol_cans": {
        "precision": 0.9223300970873787,
        "recall": 0.979381443298969,
        "f1-score": 0.95,
        "support": 97.0
    },
    "aluminum_food_cans": {
        "precision": 0.6086956521739131,
        "recall": 0.5833333333333334,
        "f1-score": 0.5957446808510638,
        "support": 96.0
    },
    "aluminum_soda_cans": {
        "precision": 0.8275862068965517,
        "recall": 0.8470588235294118,
        "f1-score": 0.8372093023255814,
        "support": 85.0
    },
    "cardboard_boxes": {
        "precision": 0.7464788732394366,
        "recall": 0.5638297872340425,
        "f1-score": 0.6424242424242425,
        "support": 94.0
    },
    "cardboard_packaging": {
        "precision": 0.6307692307692307,
        "recall": 0.803921568627451,
        "f1-score": 0.7068965517241379,
        "support": 102.0
    },
    "clothing": {
        "precision": 0.9090909090909091,
        "recall": 0.970873786407767,
        "f1-score": 0.9389671361502347,
        "support": 103.0
    },
    "coffee_grounds": {
        "precision": 0.968421052631579,
        "recall": 0.9787234042553191,
        "f1-score": 0.9735449735449735,
        "support": 94.0
    },
    "disposable_plastic_cutlery": {
        "precision": 0.9905660377358491,
        "recall": 0.9905660377358491,
        "f1-score": 0.9905660377358491,
        "support": 106.0
    },
    "eggshells": {
        "precision": 0.9722222222222222,
        "recall": 0.9905660377358491,
        "f1-score": 0.9813084112149533,
        "support": 106.0
    },
    "food_waste": {
        "precision": 0.9714285714285714,
        "recall": 0.9807692307692307,
        "f1-score": 0.9760765550239234,
        "support": 104.0
    },
    "glass_beverage_bottles": {
        "precision": 0.9213483146067416,
        "recall": 0.9425287356321839,
        "f1-score": 0.9318181818181818,
        "support": 87.0
    },
    "glass_cosmetic_containers": {
        "precision": 0.9811320754716981,
        "recall": 0.9285714285714286,
        "f1-score": 0.9541284403669725,
        "support": 112.0
    },
    "glass_food_jars": {
        "precision": 0.9278350515463918,
        "recall": 0.9473684210526315,
        "f1-score": 0.9375,
        "support": 95.0
    },
    "magazines": {
        "precision": 0.9174311926605505,
        "recall": 0.9615384615384616,
        "f1-score": 0.9389671361502347,
        "support": 104.0
    },
    "newspaper": {
        "precision": 0.9387755102040817,
        "recall": 0.8679245283018868,
        "f1-score": 0.9019607843137255,
        "support": 106.0
    },
    "office_paper": {
        "precision": 0.8636363636363636,
        "recall": 0.8558558558558559,
        "f1-score": 0.8597285067873304,
        "support": 111.0
    },
    "paper_cups": {
        "precision": 0.8879310344827587,
        "recall": 0.8803418803418803,
        "f1-score": 0.8841201716738197,
        "support": 117.0
    },
    "plastic_cup_lids": {
        "precision": 0.8823529411764706,
        "recall": 0.9259259259259259,
        "f1-score": 0.9036144578313253,
        "support": 81.0
    },
    "plastic_detergent_bottles": {
        "precision": 0.9903846153846154,
        "recall": 0.9903846153846154,
        "f1-score": 0.9903846153846154,
        "support": 104.0
    },
    "plastic_food_containers": {
        "precision": 0.89,
        "recall": 0.8811881188118812,
        "f1-score": 0.8855721393034826,
        "support": 101.0
    },
    "plastic_shopping_bags": {
        "precision": 0.9333333333333333,
        "recall": 0.9230769230769231,
        "f1-score": 0.9281767955801105,
        "support": 91.0
    },
    "plastic_soda_bottles": {
        "precision": 0.8068181818181818,
        "recall": 0.8255813953488372,
        "f1-score": 0.8160919540229885,
        "support": 86.0
    },
    "plastic_straws": {
        "precision": 0.9662921348314607,
        "recall": 0.945054945054945,
        "f1-score": 0.9555555555555556,
        "support": 91.0
    },
    "plastic_trash_bags": {
        "precision": 0.9166666666666666,
        "recall": 0.8543689320388349,
        "f1-score": 0.8844221105527639,
        "support": 103.0
    },
    "plastic_water_bottles": {
        "precision": 0.8602150537634409,
        "recall": 0.8080808080808081,
        "f1-score": 0.8333333333333334,
        "support": 99.0
    },
    "shoes": {
        "precision": 0.9743589743589743,
        "recall": 0.991304347826087,
        "f1-score": 0.9827586206896551,
        "support": 115.0
    },
    "steel_food_cans": {
        "precision": 0.6764705882352942,
        "recall": 0.6509433962264151,
        "f1-score": 0.6634615384615384,
        "support": 106.0
    },
    "styrofoam_cups": {
        "precision": 0.9134615384615384,
        "recall": 0.9595959595959596,
        "f1-score": 0.9359605911330049,
        "support": 99.0
    },
    "styrofoam_food_containers": {
        "precision": 0.9587628865979382,
        "recall": 0.8773584905660378,
        "f1-score": 0.916256157635468,
        "support": 106.0
    },
    "tea_bags": {
        "precision": 0.8932038834951457,
        "recall": 0.9292929292929293,
        "f1-score": 0.9108910891089109,
        "support": 99.0
    },
    "accuracy": 0.889,
    "macro avg": {
        "precision": 0.888266639800243,
        "recall": 0.8878436517150584,
        "f1-score": 0.8869146690232658,
        "support": 3000.0
    },
    "weighted avg": {
        "precision": 0.8899349832204654,
        "recall": 0.889,
        "f1-score": 0.8883395799320912,
        "support": 3000.0
    }
}