{
    "battery": {
        "precision": 0.925,
        "recall": 0.9343434343434344,
        "f1-score": 0.9296482412060302,
        "support": 198.0
    },
    "biological": {
        "precision": 0.9656862745098039,
        "recall": 0.9380952380952381,
        "f1-score": 0.9516908212560387,
        "support": 210.0
    },
    "cardboard": {
        "precision": 0.8985074626865671,
        "recall": 0.8801169590643275,
        "f1-score": 0.8892171344165436,
        "support": 342.0
    },
    "clothes": {
        "precision": 0.9879294336118849,
        "recall": 0.981549815498155,
        "f1-score": 0.984729291994447,
        "support": 1084.0
    },
    "glass": {
        "precision": 0.8892215568862275,
        "recall": 0.9534510433386838,
        "f1-score": 0.9202168861347793,
        "support": 623.0
    },
    "metal": {
        "precision": 0.783410138248848,
        "recall": 0.9090909090909091,
        "f1-score": 0.8415841584158416,
        "support": 187.0
    },
    "paper": {
        "precision": 0.8722741433021807,
        "recall": 0.8668730650154799,
        "f1-score": 0.8695652173913043,
        "support": 323.0
    },
    "plastic": {
        "precision": 0.9508670520231214,
        "recall": 0.8287153652392947,
        "f1-score": 0.8855989232839838,
        "support": 397.0
    },
    "shoes": {
        "precision": 0.9112149532710281,
        "recall": 0.982367758186398,
        "f1-score": 0.9454545454545454,
        "support": 397.0
    },
    "trash": {
        "precision": 0.9038461538461539,
        "recall": 0.7382198952879581,
        "f1-score": 0.8126801152737753,
        "support": 191.0
    },
    "accuracy": 0.923836032388664,
    "macro avg": {
        "precision": 0.9087957168385815,
        "recall": 0.9012823483159877,
        "f1-score": 0.9030385334827289,
        "support": 3952.0
    },
    "weighted avg": {
        "precision": 0.9256724750725708,
        "recall": 0.923836032388664,
        "f1-score": 0.9233743139485346,
        "support": 3952.0
    }
}