{
    "battery": {
        "precision": 0.9896907216494846,
        "recall": 0.9846153846153847,
        "f1-score": 0.987146529562982,
        "support": 195.0
    },
    "biological": {
        "precision": 0.9853658536585366,
        "recall": 0.9619047619047619,
        "f1-score": 0.9734939759036144,
        "support": 210.0
    },
    "cardboard": {
        "precision": 0.9717514124293786,
        "recall": 0.945054945054945,
        "f1-score": 0.958217270194986,
        "support": 364.0
    },
    "clothes": {
        "precision": 0.9962157048249763,
        "recall": 0.9896616541353384,
        "f1-score": 0.9929278642149929,
        "support": 1064.0
    },
    "glass": {
        "precision": 0.9601328903654485,
        "recall": 0.9697986577181208,
        "f1-score": 0.9649415692821369,
        "support": 596.0
    },
    "metal": {
        "precision": 0.93717277486911,
        "recall": 0.9179487179487179,
        "f1-score": 0.927461139896373,
        "support": 195.0
    },
    "paper": {
        "precision": 0.9315068493150684,
        "recall": 0.9742120343839542,
        "f1-score": 0.9523809523809523,
        "support": 349.0
    },
    "plastic": {
        "precision": 0.9640287769784173,
        "recall": 0.9548693586698337,
        "f1-score": 0.9594272076372315,
        "support": 421.0
    },
    "shoes": {
        "precision": 0.9672544080604534,
        "recall": 0.9846153846153847,
        "f1-score": 0.9758576874205845,
        "support": 390.0
    },
    "trash": {
        "precision": 0.9117647058823529,
        "recall": 0.9226190476190477,
        "f1-score": 0.9171597633136095,
        "support": 168.0
    },
    "accuracy": 0.9688765182186235,
    "macro avg": {
        "precision": 0.9614884098033226,
        "recall": 0.960529994666549,
        "f1-score": 0.9609013959807463,
        "support": 3952.0
    },
    "weighted avg": {
        "precision": 0.9691176956113307,
        "recall": 0.9688765182186235,
        "f1-score": 0.9689071064724583,
        "support": 3952.0
    }
}