{
    "mean_accuracy": 0.8838666666666667,
    "std_accuracy": 0.004868264577855236,
    "mean_f1": 0.8828417928580405,
    "std_f1": 0.004705963299374185,
    "fold_results": [
        {
            "fold": 1,
            "accuracy": 0.882,
            "f1": 0.8813838514812836,
            "per_class_f1": {
                "aerosol_cans": 0.9519650655021834,
                "aluminum_food_cans": 0.588957055214724,
                "aluminum_soda_cans": 0.8743718592964824,
                "cardboard_boxes": 0.6101694915254238,
                "cardboard_packaging": 0.6577777777777778,
                "clothing": 0.9333333333333333,
                "coffee_grounds": 0.9519650655021834,
                "disposable_plastic_cutlery": 0.9773755656108597,
                "eggshells": 0.9732142857142857,
                "food_waste": 0.9760765550239234,
                "glass_beverage_bottles": 0.9025641025641026,
                "glass_cosmetic_containers": 0.9439252336448598,
                "glass_food_jars": 0.9405405405405406,
                "magazines": 0.9513513513513514,
                "newspaper": 0.8409090909090909,
                "office_paper": 0.8958333333333334,
                "paper_cups": 0.8269230769230769,
                "plastic_cup_lids": 0.8866995073891626,
                "plastic_detergent_bottles": 0.9748743718592965,
                "plastic_food_containers": 0.9137055837563451,
                "plastic_shopping_bags": 0.9183673469387755,
                "plastic_soda_bottles": 0.8087431693989071,
                "plastic_straws": 0.9216589861751152,
                "plastic_trash_bags": 0.8844221105527639,
                "plastic_water_bottles": 0.8059701492537313,
                "shoes": 0.9746192893401016,
                "steel_food_cans": 0.7192118226600985,
                "styrofoam_cups": 0.8985507246376812,
                "styrofoam_food_containers": 0.956989247311828,
                "tea_bags": 0.9032258064516129
            }
        },
        {
            "fold": 2,
            "accuracy": 0.892,
            "f1": 0.8905366022748976,
            "per_class_f1": {
                "aerosol_cans": 0.9641025641025641,
                "aluminum_food_cans": 0.5066666666666667,
                "aluminum_soda_cans": 0.898989898989899,
                "cardboard_boxes": 0.676923076923077,
                "cardboard_packaging": 0.6796116504854369,
                "clothing": 0.898989898989899,
                "coffee_grounds": 0.9711538461538461,
                "disposable_plastic_cutlery": 0.9759036144578314,
                "eggshells": 0.983957219251337,
                "food_waste": 0.9528795811518325,
                "glass_beverage_bottles": 0.945273631840796,
                "glass_cosmetic_containers": 0.946236559139785,
                "glass_food_jars": 0.9428571428571428,
                "magazines": 0.9130434782608695,
                "newspaper": 0.8585365853658536,
                "office_paper": 0.8760330578512396,
                "paper_cups": 0.888,
                "plastic_cup_lids": 0.8878923766816144,
                "plastic_detergent_bottles": 0.983957219251337,
                "plastic_food_containers": 0.919431279620853,
                "plastic_shopping_bags": 0.9215686274509803,
                "plastic_soda_bottles": 0.8921568627450981,
                "plastic_straws": 0.9456521739130435,
                "plastic_trash_bags": 0.9395348837209302,
                "plastic_water_bottles": 0.9010989010989011,
                "shoes": 0.99,
                "steel_food_cans": 0.6798418972332015,
                "styrofoam_cups": 0.935672514619883,
                "styrofoam_food_containers": 0.956989247311828,
                "tea_bags": 0.9326923076923077
            }
        },
        {
            "fold": 3,
            "accuracy": 0.8836666666666667,
            "f1": 0.8826385427420063,
            "per_class_f1": {
                "aerosol_cans": 0.9245283018867925,
                "aluminum_food_cans": 0.5463917525773195,
                "aluminum_soda_cans": 0.8303571428571429,
                "cardboard_boxes": 0.6444444444444445,
                "cardboard_packaging": 0.6666666666666666,
                "clothing": 0.9289099526066351,
                "coffee_grounds": 0.9782608695652174,
                "disposable_plastic_cutlery": 0.9629629629629629,
                "eggshells": 0.9807692307692307,
                "food_waste": 0.9493087557603687,
                "glass_beverage_bottles": 0.8947368421052632,
                "glass_cosmetic_containers": 0.9295774647887324,
                "glass_food_jars": 0.9543147208121827,
                "magazines": 0.927536231884058,
                "newspaper": 0.8842105263157894,
                "office_paper": 0.8601036269430051,
                "paper_cups": 0.8791208791208791,
                "plastic_cup_lids": 0.9116279069767442,
                "plastic_detergent_bottles": 0.9541284403669725,
                "plastic_food_containers": 0.9134615384615384,
                "plastic_shopping_bags": 0.9347826086956522,
                "plastic_soda_bottles": 0.8156424581005587,
                "plastic_straws": 0.9634146341463414,
                "plastic_trash_bags": 0.9239766081871345,
                "plastic_water_bottles": 0.8529411764705882,
                "shoes": 0.9665071770334929,
                "steel_food_cans": 0.6976744186046512,
                "styrofoam_cups": 0.9326923076923077,
                "styrofoam_food_containers": 0.9393939393939394,
                "tea_bags": 0.94
            }
        },
        {
            "fold": 4,
            "accuracy": 0.879,
            "f1": 0.8777030632985368,
            "per_class_f1": {
                "aerosol_cans": 0.9395348837209302,
                "aluminum_food_cans": 0.5029239766081871,
                "aluminum_soda_cans": 0.8985507246376812,
                "cardboard_boxes": 0.6827309236947792,
                "cardboard_packaging": 0.5979381443298969,
                "clothing": 0.8844221105527639,
                "coffee_grounds": 0.9608938547486033,
                "disposable_plastic_cutlery": 0.9747899159663865,
                "eggshells": 0.9570552147239264,
                "food_waste": 0.9719626168224299,
                "glass_beverage_bottles": 0.9180327868852459,
                "glass_cosmetic_containers": 0.9430051813471503,
                "glass_food_jars": 0.9320388349514563,
                "magazines": 0.9771689497716894,
                "newspaper": 0.8602150537634409,
                "office_paper": 0.8865979381443299,
                "paper_cups": 0.8397790055248618,
                "plastic_cup_lids": 0.8729281767955801,
                "plastic_detergent_bottles": 0.9619047619047619,
                "plastic_food_containers": 0.9028571428571428,
                "plastic_shopping_bags": 0.9433962264150944,
                "plastic_soda_bottles": 0.8686868686868687,
                "plastic_straws": 0.92018779342723,
                "plastic_trash_bags": 0.9514563106796117,
                "plastic_water_bottles": 0.8571428571428571,
                "shoes": 0.9578947368421052,
                "steel_food_cans": 0.5990783410138248,
                "styrofoam_cups": 0.9326424870466321,
                "styrofoam_food_containers": 0.9361702127659575,
                "tea_bags": 0.9137055837563451
            }
        },
        {
            "fold": 5,
            "accuracy": 0.8826666666666667,
            "f1": 0.8819469044934782,
            "per_class_f1": {
                "aerosol_cans": 0.9540229885057471,
                "aluminum_food_cans": 0.611353711790393,
                "aluminum_soda_cans": 0.9109947643979057,
                "cardboard_boxes": 0.6990291262135923,
                "cardboard_packaging": 0.6395348837209303,
                "clothing": 0.9393939393939394,
                "coffee_grounds": 0.9758454106280193,