{
    "cardboard": {
        "precision": 0.9714285714285714,
        "recall": 0.9577464788732394,
        "f1-score": 0.9645390070921985,
        "support": 71.0
    },
    "glass": {
        "precision": 0.9444444444444444,
        "recall": 0.9532710280373832,
        "f1-score": 0.9488372093023256,
        "support": 107.0
    },
    "metal": {
        "precision": 0.9130434782608695,
        "recall": 0.9655172413793104,
        "f1-score": 0.9385474860335196,
        "support": 87.0
    },
    "paper": {
        "precision": 0.9739130434782609,
        "recall": 0.9491525423728814,
        "f1-score": 0.9613733905579399,
        "support": 118.0
    },
    "plastic": {
        "precision": 0.9368421052631579,
        "recall": 0.898989898989899,
        "f1-score": 0.9175257731958762,
        "support": 99.0
    },
    "trash": {
        "precision": 0.8846153846153846,
        "recall": 0.9583333333333334,
        "f1-score": 0.92,
        "support": 24.0
    },
    "accuracy": 0.9446640316205533,
    "macro avg": {
        "precision": 0.9373811712484482,
        "recall": 0.9471684204976745,
        "f1-score": 0.9418038110303099,
        "support": 506.0
    },
    "weighted avg": {
        "precision": 0.945378742130309,
        "recall": 0.9446640316205533,
        "f1-score": 0.9447007782925688,
        "support": 506.0
    }
}