{
    "battery": {
        "precision": 0.9494949494949495,
        "recall": 0.9641025641025641,
        "f1-score": 0.9567430025445293,
        "support": 195.0
    },
    "biological": {
        "precision": 0.9805825242718447,
        "recall": 0.9758454106280193,
        "f1-score": 0.9782082324455206,
        "support": 207.0
    },
    "cardboard": {
        "precision": 0.9382716049382716,
        "recall": 0.881159420289855,
        "f1-score": 0.9088191330343797,
        "support": 345.0
    },
    "clothes": {
        "precision": 0.9923591212989494,
        "recall": 0.9811142587346553,
        "f1-score": 0.9867046533713201,
        "support": 1059.0
    },
    "glass": {
        "precision": 0.9469320066334992,
        "recall": 0.9330065359477124,
        "f1-score": 0.939917695473251,
        "support": 612.0
    },
    "metal": {
        "precision": 0.8565217391304348,
        "recall": 0.9516908212560387,
        "f1-score": 0.9016018306636155,
        "support": 207.0
    },
    "paper": {
        "precision": 0.8817204301075269,
        "recall": 0.9479768786127167,
        "f1-score": 0.9136490250696379,
        "support": 346.0
    },
    "plastic": {
        "precision": 0.9056603773584906,
        "recall": 0.8704663212435233,
        "f1-score": 0.8877146631439894,
        "support": 386.0
    },
    "shoes": {
        "precision": 0.9509345794392523,
        "recall": 0.9854721549636803,
        "f1-score": 0.9678953626634959,
        "support": 413.0
    },
    "trash": {
        "precision": 0.8554913294797688,
        "recall": 0.8131868131868132,
        "f1-score": 0.8338028169014085,
        "support": 182.0
    },
    "accuracy": 0.9412955465587044,
    "macro avg": {
        "precision": 0.9257968662152987,
        "recall": 0.9304021178965579,
        "f1-score": 0.9275056415311148,
        "support": 3952.0
    },
    "weighted avg": {
        "precision": 0.9419691489489096,
        "recall": 0.9412955465587044,
        "f1-score": 0.9412073246736455,
        "support": 3952.0
    }
}