{
    "cardboard": {
        "precision": 0.9666666666666667,
        "recall": 0.7341772151898734,
        "f1-score": 0.8345323741007195,
        "support": 79.0
    },
    "glass": {
        "precision": 0.6846153846153846,
        "recall": 0.89,
        "f1-score": 0.7739130434782608,
        "support": 100.0
    },
    "metal": {
        "precision": 0.7623762376237624,
        "recall": 0.8279569892473119,
        "f1-score": 0.7938144329896907,
        "support": 93.0
    },
    "paper": {
        "precision": 0.8308823529411765,
        "recall": 0.8968253968253969,
        "f1-score": 0.8625954198473282,
        "support": 126.0
    },
    "plastic": {
        "precision": 0.8181818181818182,
        "recall": 0.6206896551724138,
        "f1-score": 0.7058823529411765,
        "support": 87.0
    },
    "trash": {
        "precision": 0.75,
        "recall": 0.45,
        "f1-score": 0.5625,
        "support": 20.0
    },
    "accuracy": 0.7920792079207921,
    "macro avg": {
        "precision": 0.8021204100048015,
        "recall": 0.7366082094058326,
        "f1-score": 0.7555396038928626,
        "support": 505.0
    },
    "weighted avg": {
        "precision": 0.8051528512467752,
        "recall": 0.7920792079207921,
        "f1-score": 0.7890948352009305,
        "support": 505.0
    }
}