{
    "aerosol_cans": {
        "precision": 0.7244094488188977,
        "recall": 0.8761904761904762,
        "f1-score": 0.7931034482758621,
        "support": 105.0
    },
    "aluminum_food_cans": {
        "precision": 0.5892857142857143,
        "recall": 0.32673267326732675,
        "f1-score": 0.42038216560509556,
        "support": 101.0
    },
    "aluminum_soda_cans": {
        "precision": 0.6982758620689655,
        "recall": 0.7941176470588235,
        "f1-score": 0.7431192660550459,
        "support": 102.0
    },
    "cardboard_boxes": {
        "precision": 0.6122448979591837,
        "recall": 0.631578947368421,
        "f1-score": 0.6217616580310881,
        "support": 95.0
    },
    "cardboard_packaging": {
        "precision": 0.5148514851485149,
        "recall": 0.5531914893617021,
        "f1-score": 0.5333333333333333,
        "support": 94.0
    },
    "clothing": {
        "precision": 0.9052631578947369,
        "recall": 0.7889908256880734,
        "f1-score": 0.8431372549019608,
        "support": 109.0
    },
    "coffee_grounds": {
        "precision": 0.8823529411764706,
        "recall": 0.9493670886075949,
        "f1-score": 0.9146341463414634,
        "support": 79.0
    },
    "disposable_plastic_cutlery": {
        "precision": 0.93,
        "recall": 0.9393939393939394,
        "f1-score": 0.9346733668341709,
        "support": 99.0
    },
    "eggshells": {
        "precision": 0.8979591836734694,
        "recall": 0.9565217391304348,
        "f1-score": 0.9263157894736842,
        "support": 92.0
    },
    "food_waste": {
        "precision": 0.9052631578947369,
        "recall": 0.8775510204081632,
        "f1-score": 0.8911917098445595,
        "support": 98.0
    },
    "glass_beverage_bottles": {
        "precision": 0.7586206896551724,
        "recall": 0.822429906542056,
        "f1-score": 0.7892376681614349,
        "support": 107.0
    },
    "glass_cosmetic_containers": {
        "precision": 0.6692307692307692,
        "recall": 0.8787878787878788,
        "f1-score": 0.759825327510917,
        "support": 99.0
    },
    "glass_food_jars": {
        "precision": 0.8969072164948454,
        "recall": 0.7909090909090909,
        "f1-score": 0.8405797101449275,
        "support": 110.0
    },
    "magazines": {
        "precision": 0.8279569892473119,
        "recall": 0.8651685393258427,
        "f1-score": 0.8461538461538461,
        "support": 89.0
    },
    "newspaper": {
        "precision": 0.72,
        "recall": 0.7058823529411765,
        "f1-score": 0.7128712871287128,
        "support": 102.0
    },
    "office_paper": {
        "precision": 0.7009345794392523,
        "recall": 0.7575757575757576,
        "f1-score": 0.7281553398058253,
        "support": 99.0
    },
    "paper_cups": {
        "precision": 0.7264150943396226,
        "recall": 0.8105263157894737,
        "f1-score": 0.7661691542288557,
        "support": 95.0
    },
    "plastic_cup_lids": {
        "precision": 0.7549019607843137,
        "recall": 0.7264150943396226,
        "f1-score": 0.7403846153846154,
        "support": 106.0
    },
    "plastic_detergent_bottles": {
        "precision": 0.9514563106796117,
        "recall": 0.9158878504672897,
        "f1-score": 0.9333333333333333,
        "support": 107.0
    },
    "plastic_food_containers": {
        "precision": 0.776595744680851,
        "recall": 0.73,
        "f1-score": 0.7525773195876289,
        "support": 100.0
    },
    "plastic_shopping_bags": {
        "precision": 0.8604651162790697,
        "recall": 0.8505747126436781,
        "f1-score": 0.8554913294797688,
        "support": 87.0
    },
    "plastic_soda_bottles": {
        "precision": 0.8021978021978022,
        "recall": 0.6239316239316239,
        "f1-score": 0.7019230769230769,
        "support": 117.0
    },
    "plastic_straws": {
        "precision": 0.9112903225806451,
        "recall": 0.9186991869918699,
        "f1-score": 0.9149797570850202,
        "support": 123.0
    },
    "plastic_trash_bags": {
        "precision": 0.9230769230769231,
        "recall": 0.84,
        "f1-score": 0.8795811518324608,
        "support": 100.0
    },
    "plastic_water_bottles": {
        "precision": 0.7428571428571429,
        "recall": 0.7358490566037735,
        "f1-score": 0.7393364928909952,
        "support": 106.0
    },
    "shoes": {
        "precision": 0.9052631578947369,
        "recall": 0.9555555555555556,
        "f1-score": 0.9297297297297298,
        "support": 90.0
    },
    "steel_food_cans": {
        "precision": 0.4642857142857143,
        "recall": 0.6419753086419753,
        "f1-score": 0.538860103626943,
        "support": 81.0
    },
    "styrofoam_cups": {
        "precision": 0.8947368421052632,
        "recall": 0.8095238095238095,
        "f1-score": 0.85,
        "support": 105.0
    },
    "styrofoam_food_containers": {
        "precision": 0.8762886597938144,
        "recall": 0.8173076923076923,
        "f1-score": 0.845771144278607,
        "support": 104.0
    },
    "tea_bags": {
        "precision": 0.8705882352941177,
        "recall": 0.7474747474747475,
        "f1-score": 0.8043478260869565,
        "support": 99.0
    },
    "accuracy": 0.787,
    "macro avg": {
        "precision": 0.7897991706612557,
        "recall": 0.7879370108942623,
        "f1-score": 0.785032011735664,
        "support": 3000.0
    },
    "weighted avg": {
        "precision": 0.7928168007443136,
        "recall": 0.787,
        "f1-score": 0.786067660495488,
        "support": 3000.0
    }
}