{
    "aerosol_cans": {
        "precision": 0.8817204301075269,
        "recall": 0.9647058823529412,
        "f1-score": 0.9213483146067416,
        "support": 85.0
    },
    "aluminum_food_cans": {
        "precision": 0.7321428571428571,
        "recall": 0.44086021505376344,
        "f1-score": 0.5503355704697986,
        "support": 93.0
    },
    "aluminum_soda_cans": {
        "precision": 0.8557692307692307,
        "recall": 0.9175257731958762,
        "f1-score": 0.8855721393034826,
        "support": 97.0
    },
    "cardboard_boxes": {
        "precision": 0.5728155339805825,
        "recall": 0.7195121951219512,
        "f1-score": 0.6378378378378379,
        "support": 82.0
    },
    "cardboard_packaging": {
        "precision": 0.7608695652173914,
        "recall": 0.6194690265486725,
        "f1-score": 0.6829268292682927,
        "support": 113.0
    },
    "clothing": {
        "precision": 0.8526315789473684,
        "recall": 0.9418604651162791,
        "f1-score": 0.8950276243093923,
        "support": 86.0
    },
    "coffee_grounds": {
        "precision": 0.9473684210526315,
        "recall": 0.989010989010989,
        "f1-score": 0.967741935483871,
        "support": 91.0
    },
    "disposable_plastic_cutlery": {
        "precision": 0.9719626168224299,
        "recall": 0.9904761904761905,
        "f1-score": 0.9811320754716981,
        "support": 105.0
    },
    "eggshells": {
        "precision": 0.9719626168224299,
        "recall": 0.9454545454545454,
        "f1-score": 0.9585253456221198,
        "support": 110.0
    },
    "food_waste": {
        "precision": 0.9310344827586207,
        "recall": 0.9642857142857143,
        "f1-score": 0.9473684210526315,
        "support": 112.0
    },
    "glass_beverage_bottles": {
        "precision": 0.9122807017543859,
        "recall": 0.9369369369369369,
        "f1-score": 0.9244444444444444,
        "support": 111.0
    },
    "glass_cosmetic_containers": {
        "precision": 0.954954954954955,
        "recall": 0.954954954954955,
        "f1-score": 0.954954954954955,
        "support": 111.0
    },
    "glass_food_jars": {
        "precision": 0.9504950495049505,
        "recall": 0.9056603773584906,
        "f1-score": 0.927536231884058,
        "support": 106.0
    },
    "magazines": {
        "precision": 0.946236559139785,
        "recall": 0.8888888888888888,
        "f1-score": 0.9166666666666666,
        "support": 99.0
    },
    "newspaper": {
        "precision": 0.845360824742268,
        "recall": 0.8817204301075269,
        "f1-score": 0.8631578947368421,
        "support": 93.0
    },
    "office_paper": {
        "precision": 0.8559322033898306,
        "recall": 0.9017857142857143,
        "f1-score": 0.8782608695652174,
        "support": 112.0
    },
    "paper_cups": {
        "precision": 0.7747747747747747,
        "recall": 0.9148936170212766,
        "f1-score": 0.8390243902439024,
        "support": 94.0
    },
    "plastic_cup_lids": {
        "precision": 0.9342105263157895,
        "recall": 0.7802197802197802,
        "f1-score": 0.8502994011976048,
        "support": 91.0
    },
    "plastic_detergent_bottles": {
        "precision": 0.989247311827957,
        "recall": 0.9484536082474226,
        "f1-score": 0.968421052631579,
        "support": 97.0
    },
    "plastic_food_containers": {
        "precision": 0.89,
        "recall": 0.9081632653061225,
        "f1-score": 0.898989898989899,
        "support": 98.0
    },
    "plastic_shopping_bags": {
        "precision": 0.9222222222222223,
        "recall": 0.9120879120879121,
        "f1-score": 0.9171270718232044,
        "support": 91.0
    },
    "plastic_soda_bottles": {
        "precision": 0.7604166666666666,
        "recall": 0.7448979591836735,
        "f1-score": 0.7525773195876289,
        "support": 98.0
    },
    "plastic_straws": {
        "precision": 0.9807692307692307,
        "recall": 0.9272727272727272,
        "f1-score": 0.9532710280373832,
        "support": 110.0
    },
    "plastic_trash_bags": {
        "precision": 0.9468085106382979,
        "recall": 0.89,
        "f1-score": 0.9175257731958762,
        "support": 100.0
    },
    "plastic_water_bottles": {
        "precision": 0.76,
        "recall": 0.7835051546391752,
        "f1-score": 0.7715736040609137,
        "support": 97.0
    },
    "shoes": {
        "precision": 0.9772727272727273,
        "recall": 0.945054945054945,
        "f1-score": 0.9608938547486033,
        "support": 91.0
    },
    "steel_food_cans": {
        "precision": 0.6766917293233082,
        "recall": 0.8490566037735849,
        "f1-score": 0.7531380753138075,
        "support": 106.0
    },
    "styrofoam_cups": {
        "precision": 0.9469026548672567,
        "recall": 0.8991596638655462,
        "f1-score": 0.9224137931034483,
        "support": 119.0
    },
    "styrofoam_food_containers": {
        "precision": 0.96,
        "recall": 0.9411764705882353,
        "f1-score": 0.9504950495049505,
        "support": 102.0
    },
    "tea_bags": {
        "precision": 0.95,
        "recall": 0.95,
        "f1-score": 0.95,
        "support": 100.0
    },
    "accuracy": 0.88,
    "macro avg": {
        "precision": 0.8804284660595159,
        "recall": 0.8785683335469945,
        "f1-score": 0.8766195822705618,
        "support": 3000.0
    },
    "weighted avg": {
        "precision": 0.8833216701590091,
        "recall": 0.88,
        "f1-score": 0.8789103025328612,
        "support": 3000.0
    }
}