{
    "cardboard": {
        "precision": 0.9743589743589743,
        "recall": 0.9382716049382716,
        "f1-score": 0.9559748427672956,
        "support": 81.0
    },
    "glass": {
        "precision": 0.9239130434782609,
        "recall": 0.8947368421052632,
        "f1-score": 0.9090909090909091,
        "support": 95.0
    },
    "metal": {
        "precision": 0.9047619047619048,
        "recall": 0.9382716049382716,
        "f1-score": 0.9212121212121213,
        "support": 81.0
    },
    "paper": {
        "precision": 0.907563025210084,
        "recall": 0.9473684210526315,
        "f1-score": 0.927038626609442,
        "support": 114.0
    },
    "plastic": {
        "precision": 0.8727272727272727,
        "recall": 0.9142857142857143,
        "f1-score": 0.8930232558139535,
        "support": 105.0
    },
    "trash": {
        "precision": 0.9090909090909091,
        "recall": 0.6896551724137931,
        "f1-score": 0.7843137254901961,
        "support": 29.0
    },
    "accuracy": 0.9128712871287129,
    "macro avg": {
        "precision": 0.9154025216045677,
        "recall": 0.8870982266223241,
        "f1-score": 0.8984422468306529,
        "support": 505.0
    },
    "weighted avg": {
        "precision": 0.9137479509171793,
        "recall": 0.9128712871287129,
        "f1-score": 0.9121004431269828,
        "support": 505.0
    }
}