{
    "battery": {
        "precision": 0.9758454106280193,
        "recall": 0.9711538461538461,
        "f1-score": 0.9734939759036144,
        "support": 208.0
    },
    "biological": {
        "precision": 0.9903846153846154,
        "recall": 0.9671361502347418,
        "f1-score": 0.9786223277909739,
        "support": 213.0
    },
    "cardboard": {
        "precision": 0.9709302325581395,
        "recall": 0.9461756373937678,
        "f1-score": 0.9583931133428981,
        "support": 353.0
    },
    "clothes": {
        "precision": 0.9951124144672532,
        "recall": 0.991236611489776,
        "f1-score": 0.9931707317073171,
        "support": 1027.0
    },
    "glass": {
        "precision": 0.9675767918088737,
        "recall": 0.949748743718593,
        "f1-score": 0.9585798816568047,
        "support": 597.0
    },
    "metal": {
        "precision": 0.8732394366197183,
        "recall": 0.9489795918367347,
        "f1-score": 0.9095354523227384,
        "support": 196.0
    },
    "paper": {
        "precision": 0.922879177377892,
        "recall": 0.9728997289972899,
        "f1-score": 0.9472295514511874,
        "support": 369.0
    },
    "plastic": {
        "precision": 0.9354838709677419,
        "recall": 0.921760391198044,
        "f1-score": 0.9285714285714286,
        "support": 409.0
    },
    "shoes": {
        "precision": 0.9693877551020408,
        "recall": 0.9768637532133676,
        "f1-score": 0.9731113956466069,
        "support": 389.0
    },
    "trash": {
        "precision": 0.9251336898395722,
        "recall": 0.9057591623036649,
        "f1-score": 0.9153439153439153,
        "support": 191.0
    },
    "accuracy": 0.9620445344129555,
    "macro avg": {
        "precision": 0.9525973394753867,
        "recall": 0.9551713616539825,
        "f1-score": 0.9536051773737484,
        "support": 3952.0
    },
    "weighted avg": {
        "precision": 0.9626499381827192,
        "recall": 0.9620445344129555,
        "f1-score": 0.9621604227716792,
        "support": 3952.0
    }
}