{
    "cardboard": {
        "precision": 0.9830508474576272,
        "recall": 0.7341772151898734,
        "f1-score": 0.8405797101449275,
        "support": 79.0
    },
    "glass": {
        "precision": 0.7107438016528925,
        "recall": 0.9052631578947369,
        "f1-score": 0.7962962962962963,
        "support": 95.0
    },
    "metal": {
        "precision": 0.7386363636363636,
        "recall": 0.9027777777777778,
        "f1-score": 0.8125,
        "support": 72.0
    },
    "paper": {
        "precision": 0.7615894039735099,
        "recall": 0.9126984126984127,
        "f1-score": 0.8303249097472925,
        "support": 126.0
    },
    "plastic": {
        "precision": 0.8780487804878049,
        "recall": 0.6792452830188679,
        "f1-score": 0.7659574468085106,
        "support": 106.0
    },
    "trash": {
        "precision": 1.0,
        "recall": 0.14814814814814814,
        "f1-score": 0.25806451612903225,
        "support": 27.0
    },
    "accuracy": 0.7920792079207921,
    "macro avg": {
        "precision": 0.8453448662013664,
        "recall": 0.713718332454636,
        "f1-score": 0.7172871465210098,
        "support": 505.0
    },
    "weighted avg": {
        "precision": 0.820587984000723,
        "recall": 0.7920792079207921,
        "f1-score": 0.7788794359899845,
        "support": 505.0
    }
}