{
    "aerosol_cans": {
        "precision": 0.8760330578512396,
        "recall": 0.9724770642201835,
        "f1-score": 0.9217391304347826,
        "support": 109.0
    },
    "aluminum_food_cans": {
        "precision": 0.49,
        "recall": 0.5764705882352941,
        "f1-score": 0.5297297297297298,
        "support": 85.0
    },
    "aluminum_soda_cans": {
        "precision": 0.9056603773584906,
        "recall": 0.8421052631578947,
        "f1-score": 0.8727272727272727,
        "support": 114.0
    },
    "cardboard_boxes": {
        "precision": 0.6746031746031746,
        "recall": 0.7798165137614679,
        "f1-score": 0.723404255319149,
        "support": 109.0
    },
    "cardboard_packaging": {
        "precision": 0.6538461538461539,
        "recall": 0.5483870967741935,
        "f1-score": 0.5964912280701754,
        "support": 93.0
    },
    "clothing": {
        "precision": 0.8198198198198198,
        "recall": 0.9191919191919192,
        "f1-score": 0.8666666666666667,
        "support": 99.0
    },
    "coffee_grounds": {
        "precision": 0.9473684210526315,
        "recall": 1.0,
        "f1-score": 0.972972972972973,
        "support": 90.0
    },
    "disposable_plastic_cutlery": {
        "precision": 1.0,
        "recall": 1.0,
        "f1-score": 1.0,
        "support": 91.0
    },
    "eggshells": {
        "precision": 0.979381443298969,
        "recall": 0.9405940594059405,
        "f1-score": 0.9595959595959596,
        "support": 101.0
    },
    "food_waste": {
        "precision": 0.95,
        "recall": 0.9743589743589743,
        "f1-score": 0.9620253164556962,
        "support": 117.0
    },
    "glass_beverage_bottles": {
        "precision": 0.8448275862068966,
        "recall": 0.9333333333333333,
        "f1-score": 0.8868778280542986,
        "support": 105.0
    },
    "glass_cosmetic_containers": {
        "precision": 0.9387755102040817,
        "recall": 0.9019607843137255,
        "f1-score": 0.92,
        "support": 102.0
    },
    "glass_food_jars": {
        "precision": 0.9139784946236559,
        "recall": 0.8585858585858586,
        "f1-score": 0.8854166666666666,
        "support": 99.0
    },
    "magazines": {
        "precision": 0.912621359223301,
        "recall": 0.9215686274509803,
        "f1-score": 0.9170731707317074,
        "support": 102.0
    },
    "newspaper": {
        "precision": 0.8877551020408163,
        "recall": 0.8285714285714286,
        "f1-score": 0.8571428571428571,
        "support": 105.0
    },
    "office_paper": {
        "precision": 0.8351648351648352,
        "recall": 0.8351648351648352,
        "f1-score": 0.8351648351648352,
        "support": 91.0
    },
    "paper_cups": {
        "precision": 0.822429906542056,
        "recall": 0.8627450980392157,
        "f1-score": 0.8421052631578947,
        "support": 102.0
    },
    "plastic_cup_lids": {
        "precision": 0.8924731182795699,
        "recall": 0.8556701030927835,
        "f1-score": 0.8736842105263158,
        "support": 97.0
    },
    "plastic_detergent_bottles": {
        "precision": 0.9504950495049505,
        "recall": 0.9696969696969697,
        "f1-score": 0.96,
        "support": 99.0
    },
    "plastic_food_containers": {
        "precision": 0.8260869565217391,
        "recall": 0.9047619047619048,
        "f1-score": 0.8636363636363636,
        "support": 105.0
    },
    "plastic_shopping_bags": {
        "precision": 0.9029126213592233,
        "recall": 0.8857142857142857,
        "f1-score": 0.8942307692307693,
        "support": 105.0
    },
    "plastic_soda_bottles": {
        "precision": 0.8958333333333334,
        "recall": 0.8514851485148515,
        "f1-score": 0.8730964467005076,
        "support": 101.0
    },
    "plastic_straws": {
        "precision": 0.9489795918367347,
        "recall": 0.9393939393939394,
        "f1-score": 0.9441624365482234,
        "support": 99.0
    },
    "plastic_trash_bags": {
        "precision": 0.9148936170212766,
        "recall": 0.9052631578947369,
        "f1-score": 0.91005291005291,
        "support": 95.0
    },
    "plastic_water_bottles": {
        "precision": 0.8764044943820225,
        "recall": 0.8210526315789474,
        "f1-score": 0.8478260869565217,
        "support": 95.0
    },
    "shoes": {
        "precision": 0.9629629629629629,
        "recall": 0.9629629629629629,
        "f1-score": 0.9629629629629629,
        "support": 81.0
    },
    "steel_food_cans": {
        "precision": 0.6632653061224489,
        "recall": 0.5909090909090909,
        "f1-score": 0.625,
        "support": 110.0
    },
    "styrofoam_cups": {
        "precision": 0.9223300970873787,
        "recall": 0.8962264150943396,
        "f1-score": 0.9090909090909091,
        "support": 106.0
    },
    "styrofoam_food_containers": {
        "precision": 0.9529411764705882,
        "recall": 0.8350515463917526,
        "f1-score": 0.8901098901098901,
        "support": 97.0
    },
    "tea_bags": {
        "precision": 0.9247311827956989,
        "recall": 0.8958333333333334,
        "f1-score": 0.91005291005291,
        "support": 96.0
    },
    "accuracy": 0.8676666666666667,
    "macro avg": {
        "precision": 0.8695524916504683,
        "recall": 0.8669784311301714,
        "f1-score": 0.8671013016252984,
        "support": 3000.0
    },
    "weighted avg": {
        "precision": 0.870033847133671,
        "recall": 0.8676666666666667,
        "f1-score": 0.8676822375275186,
        "support": 3000.0
    }
}