{
    "aerosol_cans": {
        "precision": 0.8529411764705882,
        "recall": 0.8877551020408163,
        "f1-score": 0.87,
        "support": 98.0
    },
    "aluminum_food_cans": {
        "precision": 0.569620253164557,
        "recall": 0.45918367346938777,
        "f1-score": 0.5084745762711864,
        "support": 98.0
    },
    "aluminum_soda_cans": {
        "precision": 0.8380952380952381,
        "recall": 0.88,
        "f1-score": 0.8585365853658536,
        "support": 100.0
    },
    "cardboard_boxes": {
        "precision": 0.6534653465346535,
        "recall": 0.6947368421052632,
        "f1-score": 0.673469387755102,
        "support": 95.0
    },
    "cardboard_packaging": {
        "precision": 0.6363636363636364,
        "recall": 0.5714285714285714,
        "f1-score": 0.6021505376344086,
        "support": 98.0
    },
    "clothing": {
        "precision": 0.8645833333333334,
        "recall": 0.9431818181818182,
        "f1-score": 0.9021739130434783,
        "support": 88.0
    },
    "coffee_grounds": {
        "precision": 0.9375,
        "recall": 0.9782608695652174,
        "f1-score": 0.9574468085106383,
        "support": 92.0
    },
    "disposable_plastic_cutlery": {
        "precision": 0.9478260869565217,
        "recall": 0.9316239316239316,
        "f1-score": 0.9396551724137931,
        "support": 117.0
    },
    "eggshells": {
        "precision": 0.9479166666666666,
        "recall": 0.900990099009901,
        "f1-score": 0.9238578680203046,
        "support": 101.0
    },
    "food_waste": {
        "precision": 0.9807692307692307,
        "recall": 0.9357798165137615,
        "f1-score": 0.9577464788732394,
        "support": 109.0
    },
    "glass_beverage_bottles": {
        "precision": 0.8363636363636363,
        "recall": 0.9019607843137255,
        "f1-score": 0.8679245283018868,
        "support": 102.0
    },
    "glass_cosmetic_containers": {
        "precision": 0.8583333333333333,
        "recall": 0.9363636363636364,
        "f1-score": 0.8956521739130435,
        "support": 110.0
    },
    "glass_food_jars": {
        "precision": 0.95,
        "recall": 0.8482142857142857,
        "f1-score": 0.8962264150943396,
        "support": 112.0
    },
    "magazines": {
        "precision": 0.8947368421052632,
        "recall": 0.8607594936708861,
        "f1-score": 0.8774193548387097,
        "support": 79.0
    },
    "newspaper": {
        "precision": 0.8518518518518519,
        "recall": 0.8414634146341463,
        "f1-score": 0.8466257668711656,
        "support": 82.0
    },
    "office_paper": {
        "precision": 0.7745098039215687,
        "recall": 0.8229166666666666,
        "f1-score": 0.797979797979798,
        "support": 96.0
    },
    "paper_cups": {
        "precision": 0.7641509433962265,
        "recall": 0.8617021276595744,
        "f1-score": 0.81,
        "support": 94.0
    },
    "plastic_cup_lids": {
        "precision": 0.8541666666666666,
        "recall": 0.8631578947368421,
        "f1-score": 0.8586387434554974,
        "support": 95.0
    },
    "plastic_detergent_bottles": {
        "precision": 0.9019607843137255,
        "recall": 0.968421052631579,
        "f1-score": 0.934010152284264,
        "support": 95.0
    },
    "plastic_food_containers": {
        "precision": 0.8666666666666667,
        "recall": 0.8348623853211009,
        "f1-score": 0.8504672897196262,
        "support": 109.0
    },
    "plastic_shopping_bags": {
        "precision": 0.9651162790697675,
        "recall": 0.8829787234042553,
        "f1-score": 0.9222222222222223,
        "support": 94.0
    },
    "plastic_soda_bottles": {
        "precision": 0.8181818181818182,
        "recall": 0.8,
        "f1-score": 0.8089887640449438,
        "support": 90.0
    },
    "plastic_straws": {
        "precision": 0.9148936170212766,
        "recall": 0.9347826086956522,
        "f1-score": 0.9247311827956989,
        "support": 92.0
    },
    "plastic_trash_bags": {
        "precision": 0.9134615384615384,
        "recall": 0.9595959595959596,
        "f1-score": 0.9359605911330049,
        "support": 99.0
    },
    "plastic_water_bottles": {
        "precision": 0.9204545454545454,
        "recall": 0.7570093457943925,
        "f1-score": 0.8307692307692308,
        "support": 107.0
    },
    "shoes": {
        "precision": 0.9469026548672567,
        "recall": 0.981651376146789,
        "f1-score": 0.963963963963964,
        "support": 109.0
    },
    "steel_food_cans": {
        "precision": 0.6460176991150443,
        "recall": 0.6636363636363637,
        "f1-score": 0.6547085201793722,
        "support": 110.0
    },
    "styrofoam_cups": {
        "precision": 0.84,
        "recall": 0.9130434782608695,
        "f1-score": 0.875,
        "support": 115.0
    },
    "styrofoam_food_containers": {
        "precision": 0.9203539823008849,
        "recall": 0.8253968253968254,
        "f1-score": 0.8702928870292888,
        "support": 126.0
    },
    "tea_bags": {
        "precision": 0.8020833333333334,
        "recall": 0.875,
        "f1-score": 0.8369565217391305,
        "support": 88.0
    },
    "accuracy": 0.8506666666666667,
    "macro avg": {
        "precision": 0.8489762321592943,
        "recall": 0.8505285715527408,
        "f1-score": 0.8484016478074398,
        "support": 3000.0
    },
    "weighted avg": {
        "precision": 0.8508502114015686,
        "recall": 0.8506666666666667,
        "f1-score": 0.8493732365553117,
        "support": 3000.0
    }
}