{
    "cardboard": {
        "precision": 1.0,
        "recall": 0.9390243902439024,
        "f1-score": 0.9685534591194969,
        "support": 82.0
    },
    "glass": {
        "precision": 0.9361702127659575,
        "recall": 0.9361702127659575,
        "f1-score": 0.9361702127659575,
        "support": 94.0
    },
    "metal": {
        "precision": 0.896551724137931,
        "recall": 0.9629629629629629,
        "f1-score": 0.9285714285714286,
        "support": 81.0
    },
    "paper": {
        "precision": 0.92,
        "recall": 0.9829059829059829,
        "f1-score": 0.9504132231404959,
        "support": 117.0
    },
    "plastic": {
        "precision": 0.9494949494949495,
        "recall": 0.9038461538461539,
        "f1-score": 0.9261083743842364,
        "support": 104.0
    },
    "trash": {
        "precision": 0.7391304347826086,
        "recall": 0.6296296296296297,
        "f1-score": 0.68,
        "support": 27.0
    },
    "accuracy": 0.9287128712871288,
    "macro avg": {
        "precision": 0.9068912201969077,
        "recall": 0.8924232220590982,
        "f1-score": 0.8983027829969359,
        "support": 505.0
    },
    "weighted avg": {
        "precision": 0.9286429428550053,
        "recall": 0.9287128712871288,
        "f1-score": 0.9277411631791744,
        "support": 505.0
    }
}