{
    "aerosol_cans": {
        "precision": 0.8403361344537815,
        "recall": 0.9523809523809523,
        "f1-score": 0.8928571428571429,
        "support": 105.0
    },
    "aluminum_food_cans": {
        "precision": 0.5131578947368421,
        "recall": 0.48148148148148145,
        "f1-score": 0.4968152866242038,
        "support": 81.0
    },
    "aluminum_soda_cans": {
        "precision": 0.8041237113402062,
        "recall": 0.8297872340425532,
        "f1-score": 0.8167539267015707,
        "support": 94.0
    },
    "cardboard_boxes": {
        "precision": 0.67,
        "recall": 0.6979166666666666,
        "f1-score": 0.6836734693877551,
        "support": 96.0
    },
    "cardboard_packaging": {
        "precision": 0.6701030927835051,
        "recall": 0.6310679611650486,
        "f1-score": 0.65,
        "support": 103.0
    },
    "clothing": {
        "precision": 0.9318181818181818,
        "recall": 0.845360824742268,
        "f1-score": 0.8864864864864865,
        "support": 97.0
    },
    "coffee_grounds": {
        "precision": 0.9272727272727272,
        "recall": 0.9714285714285714,
        "f1-score": 0.9488372093023256,
        "support": 105.0
    },
    "disposable_plastic_cutlery": {
        "precision": 0.9615384615384616,
        "recall": 0.9615384615384616,
        "f1-score": 0.9615384615384616,
        "support": 104.0
    },
    "eggshells": {
        "precision": 0.9777777777777777,
        "recall": 0.9166666666666666,
        "f1-score": 0.946236559139785,
        "support": 96.0
    },
    "food_waste": {
        "precision": 0.9473684210526315,
        "recall": 0.9557522123893806,
        "f1-score": 0.9515418502202643,
        "support": 113.0
    },
    "glass_beverage_bottles": {
        "precision": 0.75,
        "recall": 0.9204545454545454,
        "f1-score": 0.826530612244898,
        "support": 88.0
    },
    "glass_cosmetic_containers": {
        "precision": 0.8181818181818182,
        "recall": 0.9428571428571428,
        "f1-score": 0.8761061946902655,
        "support": 105.0
    },
    "glass_food_jars": {
        "precision": 0.9306930693069307,
        "recall": 0.7966101694915254,
        "f1-score": 0.8584474885844748,
        "support": 118.0
    },
    "magazines": {
        "precision": 0.8723404255319149,
        "recall": 0.845360824742268,
        "f1-score": 0.8586387434554974,
        "support": 97.0
    },
    "newspaper": {
        "precision": 0.8240740740740741,
        "recall": 0.8090909090909091,
        "f1-score": 0.8165137614678899,
        "support": 110.0
    },
    "office_paper": {
        "precision": 0.7230769230769231,
        "recall": 0.8785046728971962,
        "f1-score": 0.7932489451476793,
        "support": 107.0
    },
    "paper_cups": {
        "precision": 0.8842105263157894,
        "recall": 0.8571428571428571,
        "f1-score": 0.8704663212435233,
        "support": 98.0
    },
    "plastic_cup_lids": {
        "precision": 0.7755102040816326,
        "recall": 0.8539325842696629,
        "f1-score": 0.8128342245989305,
        "support": 89.0
    },
    "plastic_detergent_bottles": {
        "precision": 0.9148936170212766,
        "recall": 0.9555555555555556,
        "f1-score": 0.9347826086956522,
        "support": 90.0
    },
    "plastic_food_containers": {
        "precision": 0.8404255319148937,
        "recall": 0.8144329896907216,
        "f1-score": 0.8272251308900523,
        "support": 97.0
    },
    "plastic_shopping_bags": {
        "precision": 0.8681318681318682,
        "recall": 0.8876404494382022,
        "f1-score": 0.8777777777777778,
        "support": 89.0
    },
    "plastic_soda_bottles": {
        "precision": 0.8809523809523809,
        "recall": 0.7628865979381443,
        "f1-score": 0.8176795580110497,
        "support": 97.0
    },
    "plastic_straws": {
        "precision": 0.9210526315789473,
        "recall": 0.8974358974358975,
        "f1-score": 0.9090909090909091,
        "support": 117.0
    },
    "plastic_trash_bags": {
        "precision": 0.9065420560747663,
        "recall": 0.8660714285714286,
        "f1-score": 0.8858447488584474,
        "support": 112.0
    },
    "plastic_water_bottles": {
        "precision": 0.7954545454545454,
        "recall": 0.7291666666666666,
        "f1-score": 0.7608695652173914,
        "support": 96.0
    },
    "shoes": {
        "precision": 0.8981481481481481,
        "recall": 0.9797979797979798,
        "f1-score": 0.9371980676328503,
        "support": 99.0
    },
    "steel_food_cans": {
        "precision": 0.6666666666666666,
        "recall": 0.5333333333333333,
        "f1-score": 0.5925925925925926,
        "support": 105.0
    },
    "styrofoam_cups": {
        "precision": 0.9021739130434783,
        "recall": 0.9021739130434783,
        "f1-score": 0.9021739130434783,
        "support": 92.0
    },
    "styrofoam_food_containers": {
        "precision": 0.9555555555555556,
        "recall": 0.8514851485148515,
        "f1-score": 0.900523560209424,
        "support": 101.0
    },
    "tea_bags": {
        "precision": 0.8653846153846154,
        "recall": 0.9090909090909091,
        "f1-score": 0.8866995073891626,
        "support": 99.0
    },
    "accuracy": 0.8433333333333334,
    "macro avg": {
        "precision": 0.841232165775678,
        "recall": 0.8412135202508443,
        "f1-score": 0.839332820769998,
        "support": 3000.0
    },
    "weighted avg": {
        "precision": 0.8445917069555,
        "recall": 0.8433333333333334,
        "f1-score": 0.842051132604346,
        "support": 3000.0
    }
}