{
    "battery": {
        "precision": 0.9891891891891892,
        "recall": 0.973404255319149,
        "f1-score": 0.9812332439678284,
        "support": 188.0
    },
    "biological": {
        "precision": 0.9900990099009901,
        "recall": 0.9950248756218906,
        "f1-score": 0.9925558312655087,
        "support": 201.0
    },
    "cardboard": {
        "precision": 0.9704301075268817,
        "recall": 0.9376623376623376,
        "f1-score": 0.9537648612945839,
        "support": 385.0
    },
    "clothes": {
        "precision": 0.9933962264150943,
        "recall": 0.9933962264150943,
        "f1-score": 0.9933962264150943,
        "support": 1060.0
    },
    "glass": {
        "precision": 0.9770114942528736,
        "recall": 0.9754098360655737,
        "f1-score": 0.9762100082034455,
        "support": 610.0
    },
    "metal": {
        "precision": 0.9038461538461539,
        "recall": 0.9690721649484536,
        "f1-score": 0.9353233830845771,
        "support": 194.0
    },
    "paper": {
        "precision": 0.9261538461538461,
        "recall": 0.9678456591639871,
        "f1-score": 0.9465408805031447,
        "support": 311.0
    },
    "plastic": {
        "precision": 0.9544235924932976,
        "recall": 0.9295039164490861,
        "f1-score": 0.9417989417989417,
        "support": 383.0
    },
    "shoes": {
        "precision": 0.9765258215962441,
        "recall": 0.983451536643026,
        "f1-score": 0.9799764428739693,
        "support": 423.0
    },
    "trash": {
        "precision": 0.921875,
        "recall": 0.8984771573604061,
        "f1-score": 0.910025706940874,
        "support": 197.0
    },
    "accuracy": 0.9691295546558705,
    "macro avg": {
        "precision": 0.960295044137457,
        "recall": 0.9623247965649003,
        "f1-score": 0.9610825526347968,
        "support": 3952.0
    },
    "weighted avg": {
        "precision": 0.9694266459792289,
        "recall": 0.9691295546558705,
        "f1-score": 0.9691306156426511,
        "support": 3952.0
    }
}