{
    "model_type": "SVM with resnet50 features",
    "feature_extractor": "resnet50",
    "num_classes": 30,
    "class_names": [
        "aerosol_cans",
        "aluminum_food_cans",
        "aluminum_soda_cans",
        "cardboard_boxes",
        "cardboard_packaging",
        "clothing",
        "coffee_grounds",
        "disposable_plastic_cutlery",
        "eggshells",
        "food_waste",
        "glass_beverage_bottles",
        "glass_cosmetic_containers",
        "glass_food_jars",
        "magazines",
        "newspaper",
        "office_paper",
        "paper_cups",
        "plastic_cup_lids",
        "plastic_detergent_bottles",
        "plastic_food_containers",
        "plastic_shopping_bags",
        "plastic_soda_bottles",
        "plastic_straws",
        "plastic_trash_bags",
        "plastic_water_bottles",
        "shoes",
        "steel_food_cans",
        "styrofoam_cups",
        "styrofoam_food_containers",
        "tea_bags"
    ],
    "hyperparameters": {
        "C": 1.0,
        "kernel": "rbf",
        "gamma": "scale"
    },
    "val_accuracy": 0.8593333333333333,
    "test_accuracy": 0.8546666666666667,
    "val_f1_score": 0.8575185215753602,
    "test_f1_score": 0.85231710513815,
    "per_class_f1": {
        "aerosol_cans": 0.9285714285714286,
        "aluminum_food_cans": 0.5348837209302325,
        "aluminum_soda_cans": 0.8,
        "cardboard_boxes": 0.6776859504132231,
        "cardboard_packaging": 0.5060240963855421,
        "clothing": 0.8695652173913043,
        "coffee_grounds": 0.9719626168224299,
        "disposable_plastic_cutlery": 0.9702970297029703,
        "eggshells": 0.9484536082474226,
        "food_waste": 1.0,
        "glass_beverage_bottles": 0.8598130841121495,
        "glass_cosmetic_containers": 0.9545454545454546,
        "glass_food_jars": 0.8615384615384616,
        "magazines": 0.918918918918919,
        "newspaper": 0.7851851851851852,
        "office_paper": 0.8,
        "paper_cups": 0.8292682926829268,
        "plastic_cup_lids": 0.8849557522123894,
        "plastic_detergent_bottles": 0.9508196721311475,
        "plastic_food_containers": 0.8735632183908046,
        "plastic_shopping_bags": 0.9345794392523364,
        "plastic_soda_bottles": 0.7843137254901961,
        "plastic_straws": 0.9148936170212766,
        "plastic_trash_bags": 0.9411764705882353,
        "plastic_water_bottles": 0.8131868131868132,
        "shoes": 0.9702970297029703,
        "steel_food_cans": 0.6730769230769231,
        "styrofoam_cups": 0.8761904761904762,
        "styrofoam_food_containers": 0.88,
        "tea_bags": 0.9032258064516129
    }
}