{
    "cardboard": {
        "precision": 0.9512195121951219,
        "recall": 0.9512195121951219,
        "f1-score": 0.9512195121951219,
        "support": 82.0
    },
    "glass": {
        "precision": 0.9019607843137255,
        "recall": 0.9387755102040817,
        "f1-score": 0.92,
        "support": 98.0
    },
    "metal": {
        "precision": 0.9466666666666667,
        "recall": 0.9466666666666667,
        "f1-score": 0.9466666666666667,
        "support": 75.0
    },
    "paper": {
        "precision": 0.9274193548387096,
        "recall": 0.9745762711864406,
        "f1-score": 0.9504132231404959,
        "support": 118.0
    },
    "plastic": {
        "precision": 0.9494949494949495,
        "recall": 0.912621359223301,
        "f1-score": 0.9306930693069307,
        "support": 103.0
    },
    "trash": {
        "precision": 0.8695652173913043,
        "recall": 0.6896551724137931,
        "f1-score": 0.7692307692307693,
        "support": 29.0
    },
    "accuracy": 0.9306930693069307,
    "macro avg": {
        "precision": 0.9243877474834129,
        "recall": 0.9022524153149009,
        "f1-score": 0.9113705400899974,
        "support": 505.0
    },
    "weighted avg": {
        "precision": 0.9303822016555257,
        "recall": 0.9306930693069307,
        "f1-score": 0.9296590866869004,
        "support": 505.0
    }
}