{
    "cardboard": {
        "precision": 1.0,
        "recall": 0.9605263157894737,
        "f1-score": 0.9798657718120806,
        "support": 76.0
    },
    "glass": {
        "precision": 0.9333333333333333,
        "recall": 0.9245283018867925,
        "f1-score": 0.9289099526066351,
        "support": 106.0
    },
    "metal": {
        "precision": 0.8804347826086957,
        "recall": 0.9310344827586207,
        "f1-score": 0.9050279329608939,
        "support": 87.0
    },
    "paper": {
        "precision": 0.9137931034482759,
        "recall": 0.9464285714285714,
        "f1-score": 0.9298245614035088,
        "support": 112.0
    },
    "plastic": {
        "precision": 0.9157894736842105,
        "recall": 0.8446601941747572,
        "f1-score": 0.8787878787878788,
        "support": 103.0
    },
    "trash": {
        "precision": 0.6666666666666666,
        "recall": 0.7619047619047619,
        "f1-score": 0.7111111111111111,
        "support": 21.0
    },
    "accuracy": 0.9128712871287129,
    "macro avg": {
        "precision": 0.885002893290197,
        "recall": 0.8948471046571629,
        "f1-score": 0.888921201447018,
        "support": 505.0
    },
    "weighted avg": {
        "precision": 0.9152520847444959,
        "recall": 0.9128712871287129,
        "f1-score": 0.9133871673807863,
        "support": 505.0
    }
}