{
    "aerosol_cans": {
        "precision": 0.9298245614035088,
        "recall": 0.9636363636363636,
        "f1-score": 0.9464285714285714,
        "support": 55.0
    },
    "aluminum_food_cans": {
        "precision": 0.71875,
        "recall": 0.4423076923076923,
        "f1-score": 0.5476190476190477,
        "support": 52.0
    },
    "aluminum_soda_cans": {
        "precision": 0.7884615384615384,
        "recall": 0.9761904761904762,
        "f1-score": 0.8723404255319149,
        "support": 42.0
    },
    "cardboard_boxes": {
        "precision": 0.6190476190476191,
        "recall": 0.7647058823529411,
        "f1-score": 0.6842105263157895,
        "support": 51.0
    },
    "cardboard_packaging": {
        "precision": 0.7446808510638298,
        "recall": 0.5833333333333334,
        "f1-score": 0.6542056074766355,
        "support": 60.0
    },
    "clothing": {
        "precision": 0.9019607843137255,
        "recall": 0.92,
        "f1-score": 0.9108910891089109,
        "support": 50.0
    },
    "coffee_grounds": {
        "precision": 1.0,
        "recall": 0.9782608695652174,
        "f1-score": 0.989010989010989,
        "support": 46.0
    },
    "disposable_plastic_cutlery": {
        "precision": 0.94,
        "recall": 0.9591836734693877,
        "f1-score": 0.9494949494949495,
        "support": 49.0
    },
    "eggshells": {
        "precision": 0.9736842105263158,
        "recall": 1.0,
        "f1-score": 0.9866666666666667,
        "support": 37.0
    },
    "food_waste": {
        "precision": 1.0,
        "recall": 0.9545454545454546,
        "f1-score": 0.9767441860465116,
        "support": 44.0
    },
    "glass_beverage_bottles": {
        "precision": 0.8571428571428571,
        "recall": 0.9310344827586207,
        "f1-score": 0.8925619834710744,
        "support": 58.0
    },
    "glass_cosmetic_containers": {
        "precision": 0.9230769230769231,
        "recall": 0.9411764705882353,
        "f1-score": 0.9320388349514563,
        "support": 51.0
    },
    "glass_food_jars": {
        "precision": 0.851063829787234,
        "recall": 0.8163265306122449,
        "f1-score": 0.8333333333333334,
        "support": 49.0
    },
    "magazines": {
        "precision": 0.98,
        "recall": 0.9245283018867925,
        "f1-score": 0.9514563106796117,
        "support": 53.0
    },
    "newspaper": {
        "precision": 0.8703703703703703,
        "recall": 0.94,
        "f1-score": 0.9038461538461539,
        "support": 50.0
    },
    "office_paper": {
        "precision": 0.9333333333333333,
        "recall": 0.9333333333333333,
        "f1-score": 0.9333333333333333,
        "support": 45.0
    },
    "paper_cups": {
        "precision": 0.723404255319149,
        "recall": 0.8095238095238095,
        "f1-score": 0.7640449438202247,
        "support": 42.0
    },
    "plastic_cup_lids": {
        "precision": 0.8837209302325582,
        "recall": 0.8837209302325582,
        "f1-score": 0.8837209302325582,
        "support": 43.0
    },
    "plastic_detergent_bottles": {
        "precision": 0.9464285714285714,
        "recall": 0.9636363636363636,
        "f1-score": 0.954954954954955,
        "support": 55.0
    },
    "plastic_food_containers": {
        "precision": 0.8181818181818182,
        "recall": 0.8181818181818182,
        "f1-score": 0.8181818181818182,
        "support": 44.0
    },
    "plastic_shopping_bags": {
        "precision": 0.9344262295081968,
        "recall": 0.95,
        "f1-score": 0.9421487603305785,
        "support": 60.0
    },
    "plastic_soda_bottles": {
        "precision": 0.9259259259259259,
        "recall": 0.7575757575757576,
        "f1-score": 0.8333333333333334,
        "support": 66.0
    },
    "plastic_straws": {
        "precision": 0.868421052631579,
        "recall": 0.9428571428571428,
        "f1-score": 0.9041095890410958,
        "support": 35.0
    },
    "plastic_trash_bags": {
        "precision": 0.9183673469387755,
        "recall": 0.8490566037735849,
        "f1-score": 0.8823529411764706,
        "support": 53.0
    },
    "plastic_water_bottles": {
        "precision": 0.8571428571428571,
        "recall": 0.8076923076923077,
        "f1-score": 0.8316831683168316,
        "support": 52.0
    },
    "shoes": {
        "precision": 0.9636363636363636,
        "recall": 1.0,
        "f1-score": 0.9814814814814815,
        "support": 53.0
    },
    "steel_food_cans": {
        "precision": 0.6376811594202898,
        "recall": 0.7719298245614035,
        "f1-score": 0.6984126984126984,
        "support": 57.0
    },
    "styrofoam_cups": {
        "precision": 0.9523809523809523,
        "recall": 0.851063829787234,
        "f1-score": 0.898876404494382,
        "support": 47.0
    },
    "styrofoam_food_containers": {
        "precision": 0.8936170212765957,
        "recall": 0.9333333333333333,
        "f1-score": 0.9130434782608695,
        "support": 45.0
    },
    "tea_bags": {
        "precision": 0.9310344827586207,
        "recall": 0.9642857142857143,
        "f1-score": 0.9473684210526315,
        "support": 56.0
    },
    "accuracy": 0.8726666666666667,
    "macro avg": {
        "precision": 0.8761921948436503,
        "recall": 0.8777140100007039,
        "f1-score": 0.8739298310468293,
        "support": 1500.0
    },
    "weighted avg": {
        "precision": 0.875203500033789,
        "recall": 0.8726666666666667,
        "f1-score": 0.8707536539901783,
        "support": 1500.0
    }
}