{
    "aerosol_cans": {
        "precision": 0.9101123595505618,
        "recall": 0.9529411764705882,
        "f1-score": 0.9310344827586207,
        "support": 85.0
    },
    "aluminum_food_cans": {
        "precision": 0.7162162162162162,
        "recall": 0.53,
        "f1-score": 0.6091954022988506,
        "support": 100.0
    },
    "aluminum_soda_cans": {
        "precision": 0.8403361344537815,
        "recall": 0.9523809523809523,
        "f1-score": 0.8928571428571429,
        "support": 105.0
    },
    "cardboard_boxes": {
        "precision": 0.6583333333333333,
        "recall": 0.6869565217391305,
        "f1-score": 0.6723404255319149,
        "support": 115.0
    },
    "cardboard_packaging": {
        "precision": 0.6448598130841121,
        "recall": 0.6216216216216216,
        "f1-score": 0.6330275229357798,
        "support": 111.0
    },
    "clothing": {
        "precision": 0.8571428571428571,
        "recall": 0.9320388349514563,
        "f1-score": 0.8930232558139535,
        "support": 103.0
    },
    "coffee_grounds": {
        "precision": 0.9642857142857143,
        "recall": 0.972972972972973,
        "f1-score": 0.968609865470852,
        "support": 111.0
    },
    "disposable_plastic_cutlery": {
        "precision": 0.970873786407767,
        "recall": 0.9615384615384616,
        "f1-score": 0.966183574879227,
        "support": 104.0
    },
    "eggshells": {
        "precision": 0.9797979797979798,
        "recall": 0.9326923076923077,
        "f1-score": 0.9556650246305419,
        "support": 104.0
    },
    "food_waste": {
        "precision": 0.9807692307692307,
        "recall": 0.9902912621359223,
        "f1-score": 0.9855072463768116,
        "support": 103.0
    },
    "glass_beverage_bottles": {
        "precision": 0.9223300970873787,
        "recall": 0.9405940594059405,
        "f1-score": 0.9313725490196079,
        "support": 101.0
    },
    "glass_cosmetic_containers": {
        "precision": 0.8947368421052632,
        "recall": 0.9139784946236559,
        "f1-score": 0.9042553191489362,
        "support": 93.0
    },
    "glass_food_jars": {
        "precision": 0.96,
        "recall": 0.9230769230769231,
        "f1-score": 0.9411764705882353,
        "support": 104.0
    },
    "magazines": {
        "precision": 0.9509803921568627,
        "recall": 0.9326923076923077,
        "f1-score": 0.941747572815534,
        "support": 104.0
    },
    "newspaper": {
        "precision": 0.8041237113402062,
        "recall": 0.8297872340425532,
        "f1-score": 0.8167539267015707,
        "support": 94.0
    },
    "office_paper": {
        "precision": 0.8602150537634409,
        "recall": 0.8602150537634409,
        "f1-score": 0.8602150537634409,
        "support": 93.0
    },
    "paper_cups": {
        "precision": 0.8620689655172413,
        "recall": 0.9090909090909091,
        "f1-score": 0.8849557522123894,
        "support": 110.0
    },
    "plastic_cup_lids": {
        "precision": 0.891566265060241,
        "recall": 0.8222222222222222,
        "f1-score": 0.8554913294797688,
        "support": 90.0
    },
    "plastic_detergent_bottles": {
        "precision": 0.9591836734693877,
        "recall": 0.9690721649484536,
        "f1-score": 0.9641025641025641,
        "support": 97.0
    },
    "plastic_food_containers": {
        "precision": 0.9444444444444444,
        "recall": 0.9272727272727272,
        "f1-score": 0.9357798165137615,
        "support": 110.0
    },
    "plastic_shopping_bags": {
        "precision": 0.9439252336448598,
        "recall": 0.9181818181818182,
        "f1-score": 0.9308755760368663,
        "support": 110.0
    },
    "plastic_soda_bottles": {
        "precision": 0.875,
        "recall": 0.8571428571428571,
        "f1-score": 0.865979381443299,
        "support": 98.0
    },
    "plastic_straws": {
        "precision": 0.9411764705882353,
        "recall": 0.9696969696969697,
        "f1-score": 0.9552238805970149,
        "support": 99.0
    },
    "plastic_trash_bags": {
        "precision": 0.9361702127659575,
        "recall": 0.8301886792452831,
        "f1-score": 0.88,
        "support": 106.0
    },
    "plastic_water_bottles": {
        "precision": 0.8723404255319149,
        "recall": 0.7961165048543689,
        "f1-score": 0.8324873096446701,
        "support": 103.0
    },
    "shoes": {
        "precision": 0.945054945054945,
        "recall": 0.9772727272727273,
        "f1-score": 0.9608938547486033,
        "support": 88.0
    },
    "steel_food_cans": {
        "precision": 0.5376344086021505,
        "recall": 0.684931506849315,
        "f1-score": 0.6024096385542169,
        "support": 73.0
    },
    "styrofoam_cups": {
        "precision": 0.9494949494949495,
        "recall": 0.9038461538461539,
        "f1-score": 0.9261083743842364,
        "support": 104.0
    },
    "styrofoam_food_containers": {
        "precision": 0.9148936170212766,
        "recall": 0.945054945054945,
        "f1-score": 0.9297297297297298,
        "support": 91.0
    },
    "tea_bags": {
        "precision": 0.84375,
        "recall": 0.8901098901098901,
        "f1-score": 0.8663101604278075,
        "support": 91.0
    },
    "accuracy": 0.878,
    "macro avg": {
        "precision": 0.8777272377563435,
        "recall": 0.8777992753298958,
        "f1-score": 0.8764437401155316,
        "support": 3000.0
    },
    "weighted avg": {
        "precision": 0.8798160055079299,
        "recall": 0.878,
        "f1-score": 0.8776569342219165,
        "support": 3000.0
    }
}