{
    "model_type": "ResNet-50",
    "num_classes": 30,
    "class_names": [
        "aerosol_cans",
        "aluminum_food_cans",
        "aluminum_soda_cans",
        "cardboard_boxes",
        "cardboard_packaging",
        "clothing",
        "coffee_grounds",
        "disposable_plastic_cutlery",
        "eggshells",
        "food_waste",
        "glass_beverage_bottles",
        "glass_cosmetic_containers",
        "glass_food_jars",
        "magazines",
        "newspaper",
        "office_paper",
        "paper_cups",
        "plastic_cup_lids",
        "plastic_detergent_bottles",
        "plastic_food_containers",
        "plastic_shopping_bags",
        "plastic_soda_bottles",
        "plastic_straws",
        "plastic_trash_bags",
        "plastic_water_bottles",
        "shoes",
        "steel_food_cans",
        "styrofoam_cups",
        "styrofoam_food_containers",
        "tea_bags"
    ],
    "parameters": 23569502,
    "trainable_parameters": 23569502,
    "hyperparameters": {
        "trial": 15,
        "accuracy": 0.889,
        "f1": 0.8883395799320912,
        "learning_rate": 0.001,
        "batch_size": 64,
        "optimizer": "SGD",
        "dropout_rate": 0.2,
        "unfreeze_layers": "all",
        "model_path": "resnet50_results/trial_15/model_trial_15.pth"
    },
    "validation_accuracy": 0.878,
    "validation_f1": 0.8776569342219165,
    "test_accuracy": 0.8726666666666667,
    "test_f1": 0.8707536539901783,
    "per_class_f1": {
        "aerosol_cans": 0.9464285714285714,
        "aluminum_food_cans": 0.5476190476190477,
        "aluminum_soda_cans": 0.8723404255319149,
        "cardboard_boxes": 0.6842105263157895,
        "cardboard_packaging": 0.6542056074766355,
        "clothing": 0.9108910891089109,
        "coffee_grounds": 0.989010989010989,
        "disposable_plastic_cutlery": 0.9494949494949495,
        "eggshells": 0.9866666666666667,
        "food_waste": 0.9767441860465116,
        "glass_beverage_bottles": 0.8925619834710744,
        "glass_cosmetic_containers": 0.9320388349514563,
        "glass_food_jars": 0.8333333333333334,
        "magazines": 0.9514563106796117,
        "newspaper": 0.9038461538461539,
        "office_paper": 0.9333333333333333,
        "paper_cups": 0.7640449438202247,
        "plastic_cup_lids": 0.8837209302325582,
        "plastic_detergent_bottles": 0.954954954954955,
        "plastic_food_containers": 0.8181818181818182,
        "plastic_shopping_bags": 0.9421487603305785,
        "plastic_soda_bottles": 0.8333333333333334,
        "plastic_straws": 0.9041095890410958,
        "plastic_trash_bags": 0.8823529411764706,
        "plastic_water_bottles": 0.8316831683168316,
        "shoes": 0.9814814814814815,
        "steel_food_cans": 0.6984126984126984,
        "styrofoam_cups": 0.898876404494382,
        "styrofoam_food_containers": 0.9130434782608695,
        "tea_bags": 0.9473684210526315
    }
}