{
    "battery": {
        "precision": 0.9649122807017544,
        "recall": 0.9763313609467456,
        "f1-score": 0.9705882352941176,
        "support": 169.0
    },
    "biological": {
        "precision": 0.93717277486911,
        "recall": 0.9623655913978495,
        "f1-score": 0.9496021220159151,
        "support": 186.0
    },
    "cardboard": {
        "precision": 0.9436997319034852,
        "recall": 0.9411764705882353,
        "f1-score": 0.9424364123159303,
        "support": 374.0
    },
    "clothes": {
        "precision": 0.9938271604938271,
        "recall": 0.9834205933682374,
        "f1-score": 0.9885964912280701,
        "support": 1146.0
    },
    "glass": {
        "precision": 0.9630252100840336,
        "recall": 0.9362745098039216,
        "f1-score": 0.9494614747307374,
        "support": 612.0
    },
    "metal": {
        "precision": 0.83,
        "recall": 0.9595375722543352,
        "f1-score": 0.8900804289544236,
        "support": 173.0
    },
    "paper": {
        "precision": 0.9088050314465409,
        "recall": 0.9203821656050956,
        "f1-score": 0.9145569620253164,
        "support": 314.0
    },
    "plastic": {
        "precision": 0.9305912596401028,
        "recall": 0.9187817258883249,
        "f1-score": 0.9246487867177522,
        "support": 394.0
    },
    "shoes": {
        "precision": 0.9634146341463414,
        "recall": 0.9974747474747475,
        "f1-score": 0.9801488833746899,
        "support": 396.0
    },
    "trash": {
        "precision": 0.8947368421052632,
        "recall": 0.8138297872340425,
        "f1-score": 0.8523676880222841,
        "support": 188.0
    },
    "accuracy": 0.9516700404858299,
    "macro avg": {
        "precision": 0.9330184925390459,
        "recall": 0.9409574524561535,
        "f1-score": 0.9362487484679237,
        "support": 3952.0
    },
    "weighted avg": {
        "precision": 0.9524179715090243,
        "recall": 0.9516700404858299,
        "f1-score": 0.9516647600113434,
        "support": 3952.0
    }
}