{
    "cardboard": {
        "precision": 0.9864864864864865,
        "recall": 0.9605263157894737,
        "f1-score": 0.9733333333333334,
        "support": 76.0
    },
    "glass": {
        "precision": 0.9354838709677419,
        "recall": 0.9666666666666667,
        "f1-score": 0.9508196721311475,
        "support": 90.0
    },
    "metal": {
        "precision": 0.967741935483871,
        "recall": 0.9375,
        "f1-score": 0.9523809523809523,
        "support": 96.0
    },
    "paper": {
        "precision": 0.968503937007874,
        "recall": 0.968503937007874,
        "f1-score": 0.968503937007874,
        "support": 127.0
    },
    "plastic": {
        "precision": 0.9347826086956522,
        "recall": 0.945054945054945,
        "f1-score": 0.9398907103825137,
        "support": 91.0
    },
    "trash": {
        "precision": 0.8846153846153846,
        "recall": 0.92,
        "f1-score": 0.9019607843137255,
        "support": 25.0
    },
    "accuracy": 0.9544554455445544,
    "macro avg": {
        "precision": 0.9462690372095016,
        "recall": 0.9497086440864932,
        "f1-score": 0.9478148982582578,
        "support": 505.0
    },
    "weighted avg": {
        "precision": 0.9549511864816046,
        "recall": 0.9544554455445544,
        "f1-score": 0.9545638604086334,
        "support": 505.0
    }
}