{
    "aerosol_cans": {
        "precision": 0.9540229885057471,
        "recall": 0.9540229885057471,
        "f1-score": 0.9540229885057471,
        "support": 87.0
    },
    "aluminum_food_cans": {
        "precision": 0.5882352941176471,
        "recall": 0.6363636363636364,
        "f1-score": 0.611353711790393,
        "support": 110.0
    },
    "aluminum_soda_cans": {
        "precision": 0.8969072164948454,
        "recall": 0.925531914893617,
        "f1-score": 0.9109947643979057,
        "support": 94.0
    },
    "cardboard_boxes": {
        "precision": 0.6792452830188679,
        "recall": 0.72,
        "f1-score": 0.6990291262135923,
        "support": 100.0
    },
    "cardboard_packaging": {
        "precision": 0.6707317073170732,
        "recall": 0.6111111111111112,
        "f1-score": 0.6395348837209303,
        "support": 90.0
    },
    "clothing": {
        "precision": 0.9117647058823529,
        "recall": 0.96875,
        "f1-score": 0.9393939393939394,
        "support": 96.0
    },
    "coffee_grounds": {
        "precision": 0.9528301886792453,
        "recall": 1.0,
        "f1-score": 0.9758454106280193,
        "support": 101.0
    },
    "disposable_plastic_cutlery": {
        "precision": 0.967391304347826,
        "recall": 0.967391304347826,
        "f1-score": 0.967391304347826,
        "support": 92.0
    },
    "eggshells": {
        "precision": 0.9903846153846154,
        "recall": 0.9809523809523809,
        "f1-score": 0.9856459330143541,
        "support": 105.0
    },
    "food_waste": {
        "precision": 0.9560439560439561,
        "recall": 0.9775280898876404,
        "f1-score": 0.9666666666666667,
        "support": 89.0
    },
    "glass_beverage_bottles": {
        "precision": 0.8425925925925926,
        "recall": 0.91,
        "f1-score": 0.875,
        "support": 100.0
    },
    "glass_cosmetic_containers": {
        "precision": 0.9381443298969072,
        "recall": 0.9381443298969072,
        "f1-score": 0.9381443298969072,
        "support": 97.0
    },
    "glass_food_jars": {
        "precision": 0.9375,
        "recall": 0.9278350515463918,
        "f1-score": 0.9326424870466321,
        "support": 97.0
    },
    "magazines": {
        "precision": 0.9693877551020408,
        "recall": 0.8962264150943396,
        "f1-score": 0.9313725490196079,
        "support": 106.0
    },
    "newspaper": {
        "precision": 0.9016393442622951,
        "recall": 0.9322033898305084,
        "f1-score": 0.9166666666666666,
        "support": 118.0
    },
    "office_paper": {
        "precision": 0.819047619047619,
        "recall": 0.8865979381443299,
        "f1-score": 0.8514851485148515,
        "support": 97.0
    },
    "paper_cups": {
        "precision": 0.8571428571428571,
        "recall": 0.9032258064516129,
        "f1-score": 0.8795811518324608,
        "support": 93.0
    },
    "plastic_cup_lids": {
        "precision": 0.9032258064516129,
        "recall": 0.875,
        "f1-score": 0.8888888888888888,
        "support": 96.0
    },
    "plastic_detergent_bottles": {
        "precision": 0.9583333333333334,
        "recall": 0.968421052631579,
        "f1-score": 0.9633507853403142,
        "support": 95.0
    },
    "plastic_food_containers": {
        "precision": 0.8942307692307693,
        "recall": 0.93,
        "f1-score": 0.9117647058823529,
        "support": 100.0
    },
    "plastic_shopping_bags": {
        "precision": 0.9375,
        "recall": 0.9,
        "f1-score": 0.9183673469387755,
        "support": 100.0
    },
    "plastic_soda_bottles": {
        "precision": 0.8924731182795699,
        "recall": 0.83,
        "f1-score": 0.8601036269430051,
        "support": 100.0
    },
    "plastic_straws": {
        "precision": 0.9333333333333333,
        "recall": 0.9655172413793104,
        "f1-score": 0.9491525423728814,
        "support": 116.0
    },
    "plastic_trash_bags": {
        "precision": 0.9659090909090909,
        "recall": 0.8585858585858586,
        "f1-score": 0.9090909090909091,
        "support": 99.0
    },
    "plastic_water_bottles": {
        "precision": 0.8425925925925926,
        "recall": 0.8198198198198198,
        "f1-score": 0.8310502283105022,
        "support": 111.0
    },
    "shoes": {
        "precision": 0.9719626168224299,
        "recall": 0.9811320754716981,
        "f1-score": 0.9765258215962441,
        "support": 106.0
    },
    "steel_food_cans": {
        "precision": 0.5769230769230769,
        "recall": 0.4838709677419355,
        "f1-score": 0.5263157894736842,
        "support": 93.0
    },
    "styrofoam_cups": {
        "precision": 0.9223300970873787,
        "recall": 0.9405940594059405,
        "f1-score": 0.9313725490196079,
        "support": 101.0
    },
    "styrofoam_food_containers": {
        "precision": 0.9578947368421052,
        "recall": 0.900990099009901,
        "f1-score": 0.9285714285714286,
        "support": 101.0
    },
    "tea_bags": {
        "precision": 0.8807339449541285,
        "recall": 0.8727272727272727,
        "f1-score": 0.8767123287671232,
        "support": 110.0
    },
    "accuracy": 0.8826666666666667,
    "macro avg": {
        "precision": 0.8823484758198636,
        "recall": 0.8820847601266454,
        "f1-score": 0.8815346004284073,
        "support": 3000.0
    },
    "weighted avg": {
        "precision": 0.8825709372879245,
        "recall": 0.8826666666666667,
        "f1-score": 0.8819469044934782,
        "support": 3000.0
    }
}