{
    "cardboard": {
        "precision": 0.8765432098765432,
        "recall": 0.9861111111111112,
        "f1-score": 0.9281045751633987,
        "support": 72.0
    },
    "glass": {
        "precision": 0.9382716049382716,
        "recall": 0.8735632183908046,
        "f1-score": 0.9047619047619048,
        "support": 87.0
    },
    "metal": {
        "precision": 0.9148936170212766,
        "recall": 0.9555555555555556,
        "f1-score": 0.9347826086956522,
        "support": 90.0
    },
    "paper": {
        "precision": 0.9603174603174603,
        "recall": 0.937984496124031,
        "f1-score": 0.9490196078431372,
        "support": 129.0
    },
    "plastic": {
        "precision": 0.9294117647058824,
        "recall": 0.8494623655913979,
        "f1-score": 0.8876404494382022,
        "support": 93.0
    },
    "trash": {
        "precision": 0.7368421052631579,
        "recall": 0.8235294117647058,
        "f1-score": 0.7777777777777778,
        "support": 34.0
    },
    "accuracy": 0.9128712871287129,
    "macro avg": {
        "precision": 0.8927132936870986,
        "recall": 0.904367693089601,
        "f1-score": 0.8970144872800122,
        "support": 505.0
    },
    "weighted avg": {
        "precision": 0.9157426620796087,
        "recall": 0.9128712871287129,
        "f1-score": 0.9130431397279626,
        "support": 505.0
    }
}