{
    "cardboard": {
        "precision": 1.0,
        "recall": 0.9565217391304348,
        "f1-score": 0.9777777777777777,
        "support": 46.0
    },
    "glass": {
        "precision": 0.9482758620689655,
        "recall": 0.859375,
        "f1-score": 0.9016393442622951,
        "support": 64.0
    },
    "metal": {
        "precision": 0.875,
        "recall": 0.9655172413793104,
        "f1-score": 0.9180327868852459,
        "support": 29.0
    },
    "paper": {
        "precision": 0.9375,
        "recall": 0.967741935483871,
        "f1-score": 0.9523809523809523,
        "support": 62.0
    },
    "plastic": {
        "precision": 0.9069767441860465,
        "recall": 0.8666666666666667,
        "f1-score": 0.8863636363636364,
        "support": 45.0
    },
    "trash": {
        "precision": 0.5454545454545454,
        "recall": 1.0,
        "f1-score": 0.7058823529411765,
        "support": 6.0
    },
    "accuracy": 0.9206349206349206,
    "macro avg": {
        "precision": 0.8688678586182595,
        "recall": 0.9359704304433804,
        "f1-score": 0.890346141768514,
        "support": 252.0
    },
    "weighted avg": {
        "precision": 0.9296679997361632,
        "recall": 0.9206349206349206,
        "f1-score": 0.9225195374280418,
        "support": 252.0
    }
}