{
    "model_type": "ResNet-50",
    "num_classes": 6,
    "class_names": [
        "cardboard",
        "glass",
        "metal",
        "paper",
        "plastic",
        "trash"
    ],
    "parameters": 23520326,
    "trainable_parameters": 23520326,
    "hyperparameters": {
        "trial": 22,
        "accuracy": 0.9584158415841584,
        "f1": 0.9584619760630919,
        "learning_rate": 0.0005,
        "batch_size": 32,
        "optimizer": "Adam",
        "dropout_rate": 0.2,
        "unfreeze_layers": "all",
        "model_path": "resnet50_results/trial_22/model_trial_22.pth"
    },
    "validation_accuracy": 0.9128712871287129,
    "validation_f1": 0.9130431397279626,
    "test_accuracy": 0.9206349206349206,
    "test_f1": 0.9225195374280418,
    "per_class_f1": {
        "cardboard": 0.9777777777777777,
        "glass": 0.9016393442622951,
        "metal": 0.9180327868852459,
        "paper": 0.9523809523809523,
        "plastic": 0.8863636363636364,
        "trash": 0.7058823529411765
    }
}