{
    "cardboard": {
        "precision": 0.9855072463768116,
        "recall": 0.8947368421052632,
        "f1-score": 0.9379310344827586,
        "support": 76.0
    },
    "glass": {
        "precision": 0.8421052631578947,
        "recall": 0.7547169811320755,
        "f1-score": 0.7960199004975125,
        "support": 106.0
    },
    "metal": {
        "precision": 0.7570093457943925,
        "recall": 0.9101123595505618,
        "f1-score": 0.826530612244898,
        "support": 89.0
    },
    "paper": {
        "precision": 0.8508771929824561,
        "recall": 0.9509803921568627,
        "f1-score": 0.8981481481481481,
        "support": 102.0
    },
    "plastic": {
        "precision": 0.8529411764705882,
        "recall": 0.8055555555555556,
        "f1-score": 0.8285714285714286,
        "support": 108.0
    },
    "trash": {
        "precision": 0.8888888888888888,
        "recall": 0.6666666666666666,
        "f1-score": 0.7619047619047619,
        "support": 24.0
    },
    "accuracy": 0.8495049504950495,
    "macro avg": {
        "precision": 0.8628881856118387,
        "recall": 0.8304614661944977,
        "f1-score": 0.8415176476415845,
        "support": 505.0
    },
    "weighted avg": {
        "precision": 0.8550019692503817,
        "recall": 0.8495049504950495,
        "f1-score": 0.848722044051013,
        "support": 505.0
    }
}