{
    "aerosol_cans": {
        "precision": 0.95,
        "recall": 0.9421487603305785,
        "f1-score": 0.946058091286307,
        "support": 121.0
    },
    "aluminum_food_cans": {
        "precision": 0.7230769230769231,
        "recall": 0.46534653465346537,
        "f1-score": 0.5662650602409639,
        "support": 101.0
    },
    "aluminum_soda_cans": {
        "precision": 0.8586956521739131,
        "recall": 0.9080459770114943,
        "f1-score": 0.88268156424581,
        "support": 87.0
    },
    "cardboard_boxes": {
        "precision": 0.5847457627118644,
        "recall": 0.6831683168316832,
        "f1-score": 0.6301369863013698,
        "support": 101.0
    },
    "cardboard_packaging": {
        "precision": 0.6179775280898876,
        "recall": 0.5339805825242718,
        "f1-score": 0.5729166666666666,
        "support": 103.0
    },
    "clothing": {
        "precision": 0.8932038834951457,
        "recall": 0.8761904761904762,
        "f1-score": 0.8846153846153846,
        "support": 105.0
    },
    "coffee_grounds": {
        "precision": 0.9619047619047619,
        "recall": 0.9619047619047619,
        "f1-score": 0.9619047619047619,
        "support": 105.0
    },
    "disposable_plastic_cutlery": {
        "precision": 1.0,
        "recall": 0.9270833333333334,
        "f1-score": 0.9621621621621622,
        "support": 96.0
    },
    "eggshells": {
        "precision": 0.9108910891089109,
        "recall": 0.92,
        "f1-score": 0.9154228855721394,
        "support": 100.0
    },
    "food_waste": {
        "precision": 0.9196428571428571,
        "recall": 0.944954128440367,
        "f1-score": 0.9321266968325792,
        "support": 109.0
    },
    "glass_beverage_bottles": {
        "precision": 0.9629629629629629,
        "recall": 0.896551724137931,
        "f1-score": 0.9285714285714286,
        "support": 87.0
    },
    "glass_cosmetic_containers": {
        "precision": 0.8369565217391305,
        "recall": 0.9746835443037974,
        "f1-score": 0.9005847953216374,
        "support": 79.0
    },
    "glass_food_jars": {
        "precision": 0.84,
        "recall": 0.9459459459459459,
        "f1-score": 0.8898305084745762,
        "support": 111.0
    },
    "magazines": {
        "precision": 0.8876404494382022,
        "recall": 0.9404761904761905,
        "f1-score": 0.9132947976878613,
        "support": 84.0
    },
    "newspaper": {
        "precision": 0.8791208791208791,
        "recall": 0.8333333333333334,
        "f1-score": 0.8556149732620321,
        "support": 96.0
    },
    "office_paper": {
        "precision": 0.7297297297297297,
        "recall": 0.8852459016393442,
        "f1-score": 0.8,
        "support": 122.0
    },
    "paper_cups": {
        "precision": 0.8865979381443299,
        "recall": 0.86,
        "f1-score": 0.8730964467005076,
        "support": 100.0
    },
    "plastic_cup_lids": {
        "precision": 0.945054945054945,
        "recall": 0.8865979381443299,
        "f1-score": 0.9148936170212766,
        "support": 97.0
    },
    "plastic_detergent_bottles": {
        "precision": 0.95,
        "recall": 0.9895833333333334,
        "f1-score": 0.9693877551020408,
        "support": 96.0
    },
    "plastic_food_containers": {
        "precision": 0.9411764705882353,
        "recall": 0.8275862068965517,
        "f1-score": 0.8807339449541285,
        "support": 116.0
    },
    "plastic_shopping_bags": {
        "precision": 0.875,
        "recall": 0.8155339805825242,
        "f1-score": 0.8442211055276382,
        "support": 103.0
    },
    "plastic_soda_bottles": {
        "precision": 0.8602150537634409,
        "recall": 0.8333333333333334,
        "f1-score": 0.8465608465608465,
        "support": 96.0
    },
    "plastic_straws": {
        "precision": 0.967741935483871,
        "recall": 0.9183673469387755,
        "f1-score": 0.9424083769633508,
        "support": 98.0
    },
    "plastic_trash_bags": {
        "precision": 0.8857142857142857,
        "recall": 0.8611111111111112,
        "f1-score": 0.8732394366197183,
        "support": 108.0
    },
    "plastic_water_bottles": {
        "precision": 0.8589743589743589,
        "recall": 0.7701149425287356,
        "f1-score": 0.8121212121212121,
        "support": 87.0
    },
    "shoes": {
        "precision": 0.9125,
        "recall": 0.9012345679012346,
        "f1-score": 0.906832298136646,
        "support": 81.0
    },
    "steel_food_cans": {
        "precision": 0.6713286713286714,
        "recall": 0.8135593220338984,
        "f1-score": 0.735632183908046,
        "support": 118.0
    },
    "styrofoam_cups": {
        "precision": 0.9313725490196079,
        "recall": 0.9223300970873787,
        "f1-score": 0.926829268292683,
        "support": 103.0
    },
    "styrofoam_food_containers": {
        "precision": 0.9183673469387755,
        "recall": 0.9278350515463918,
        "f1-score": 0.9230769230769231,
        "support": 97.0
    },
    "tea_bags": {
        "precision": 0.7843137254901961,
        "recall": 0.8602150537634409,
        "f1-score": 0.8205128205128205,
        "support": 93.0
    },
    "accuracy": 0.8596666666666667,
    "macro avg": {
        "precision": 0.8648302093731962,
        "recall": 0.8608820598752671,
        "f1-score": 0.8603910999547839,
        "support": 3000.0
    },
    "weighted avg": {
        "precision": 0.8627863281877303,
        "recall": 0.8596666666666667,
        "f1-score": 0.8586872802031782,
        "support": 3000.0
    }
}