{
    "cardboard": {
        "precision": 0.9775280898876404,
        "recall": 0.9456521739130435,
        "f1-score": 0.9613259668508287,
        "support": 92.0
    },
    "glass": {
        "precision": 0.989010989010989,
        "recall": 0.9278350515463918,
        "f1-score": 0.9574468085106383,
        "support": 97.0
    },
    "metal": {
        "precision": 0.926829268292683,
        "recall": 0.987012987012987,
        "f1-score": 0.9559748427672956,
        "support": 77.0
    },
    "paper": {
        "precision": 0.9380530973451328,
        "recall": 0.9636363636363636,
        "f1-score": 0.9506726457399103,
        "support": 110.0
    },
    "plastic": {
        "precision": 0.9230769230769231,
        "recall": 0.9795918367346939,
        "f1-score": 0.9504950495049505,
        "support": 98.0
    },
    "trash": {
        "precision": 0.8888888888888888,
        "recall": 0.75,
        "f1-score": 0.8135593220338984,
        "support": 32.0
    },
    "accuracy": 0.9466403162055336,
    "macro avg": {
        "precision": 0.940564542750376,
        "recall": 0.92562140214058,
        "f1-score": 0.9315791059012536,
        "support": 506.0
    },
    "weighted avg": {
        "precision": 0.9472812795972588,
        "recall": 0.9466403162055336,
        "f1-score": 0.946009479163735,
        "support": 506.0
    }
}