{
    "aerosol_cans": {
        "precision": 0.7333333333333333,
        "recall": 0.88,
        "f1-score": 0.8,
        "support": 100.0
    },
    "aluminum_food_cans": {
        "precision": 0.5285714285714286,
        "recall": 0.3592233009708738,
        "f1-score": 0.4277456647398844,
        "support": 103.0
    },
    "aluminum_soda_cans": {
        "precision": 0.8333333333333334,
        "recall": 0.7798165137614679,
        "f1-score": 0.8056872037914692,
        "support": 109.0
    },
    "cardboard_boxes": {
        "precision": 0.6831683168316832,
        "recall": 0.6330275229357798,
        "f1-score": 0.6571428571428571,
        "support": 109.0
    },
    "cardboard_packaging": {
        "precision": 0.5533980582524272,
        "recall": 0.5588235294117647,
        "f1-score": 0.5560975609756098,
        "support": 102.0
    },
    "clothing": {
        "precision": 0.912621359223301,
        "recall": 0.8545454545454545,
        "f1-score": 0.8826291079812206,
        "support": 110.0
    },
    "coffee_grounds": {
        "precision": 0.8623853211009175,
        "recall": 0.9591836734693877,
        "f1-score": 0.9082125603864735,
        "support": 98.0
    },
    "disposable_plastic_cutlery": {
        "precision": 0.8878504672897196,
        "recall": 0.9313725490196079,
        "f1-score": 0.9090909090909091,
        "support": 102.0
    },
    "eggshells": {
        "precision": 0.9263157894736842,
        "recall": 0.9263157894736842,
        "f1-score": 0.9263157894736842,
        "support": 95.0
    },
    "food_waste": {
        "precision": 0.8715596330275229,
        "recall": 0.9405940594059405,
        "f1-score": 0.9047619047619048,
        "support": 101.0
    },
    "glass_beverage_bottles": {
        "precision": 0.7802197802197802,
        "recall": 0.7888888888888889,
        "f1-score": 0.7845303867403315,
        "support": 90.0
    },
    "glass_cosmetic_containers": {
        "precision": 0.7107438016528925,
        "recall": 0.8775510204081632,
        "f1-score": 0.7853881278538812,
        "support": 98.0
    },
    "glass_food_jars": {
        "precision": 0.8428571428571429,
        "recall": 0.686046511627907,
        "f1-score": 0.7564102564102564,
        "support": 86.0
    },
    "magazines": {
        "precision": 0.8202247191011236,
        "recall": 0.7934782608695652,
        "f1-score": 0.8066298342541437,
        "support": 92.0
    },
    "newspaper": {
        "precision": 0.7065217391304348,
        "recall": 0.65,
        "f1-score": 0.6770833333333334,
        "support": 100.0
    },
    "office_paper": {
        "precision": 0.6695652173913044,
        "recall": 0.7129629629629629,
        "f1-score": 0.6905829596412556,
        "support": 108.0
    },
    "paper_cups": {
        "precision": 0.6528925619834711,
        "recall": 0.7452830188679245,
        "f1-score": 0.6960352422907489,
        "support": 106.0
    },
    "plastic_cup_lids": {
        "precision": 0.7731958762886598,
        "recall": 0.8241758241758241,
        "f1-score": 0.7978723404255319,
        "support": 91.0
    },
    "plastic_detergent_bottles": {
        "precision": 0.8780487804878049,
        "recall": 0.9557522123893806,
        "f1-score": 0.9152542372881356,
        "support": 113.0
    },
    "plastic_food_containers": {
        "precision": 0.7710843373493976,
        "recall": 0.7191011235955056,
        "f1-score": 0.7441860465116279,
        "support": 89.0
    },
    "plastic_shopping_bags": {
        "precision": 0.8571428571428571,
        "recall": 0.8823529411764706,
        "f1-score": 0.8695652173913043,
        "support": 102.0
    },
    "plastic_soda_bottles": {
        "precision": 0.7021276595744681,
        "recall": 0.6666666666666666,
        "f1-score": 0.6839378238341969,
        "support": 99.0
    },
    "plastic_straws": {
        "precision": 0.8725490196078431,
        "recall": 0.839622641509434,
        "f1-score": 0.8557692307692307,
        "support": 106.0
    },
    "plastic_trash_bags": {
        "precision": 0.9866666666666667,
        "recall": 0.7047619047619048,
        "f1-score": 0.8222222222222222,
        "support": 105.0
    },
    "plastic_water_bottles": {
        "precision": 0.759493670886076,
        "recall": 0.6896551724137931,
        "f1-score": 0.7228915662650602,
        "support": 87.0
    },
    "shoes": {
        "precision": 0.9325842696629213,
        "recall": 0.9325842696629213,
        "f1-score": 0.9325842696629213,
        "support": 89.0
    },
    "steel_food_cans": {
        "precision": 0.5081967213114754,
        "recall": 0.6262626262626263,
        "f1-score": 0.5610859728506787,
        "support": 99.0
    },
    "styrofoam_cups": {
        "precision": 0.7865168539325843,
        "recall": 0.7777777777777778,
        "f1-score": 0.7821229050279329,
        "support": 90.0
    },
    "styrofoam_food_containers": {
        "precision": 0.8924731182795699,
        "recall": 0.7980769230769231,
        "f1-score": 0.8426395939086294,
        "support": 104.0
    },
    "tea_bags": {
        "precision": 0.7557251908396947,
        "recall": 0.8461538461538461,
        "f1-score": 0.7983870967741935,
        "support": 117.0
    },
    "accuracy": 0.7783333333333333,
    "macro avg": {
        "precision": 0.7817122341601173,
        "recall": 0.778001899541415,
        "f1-score": 0.7767620740599877,
        "support": 3000.0
    },
    "weighted avg": {
        "precision": 0.7812166620268606,
        "recall": 0.7783333333333333,
        "f1-score": 0.7766425005363449,
        "support": 3000.0
    }
}