{
    "battery": {
        "precision": 1.0,
        "recall": 0.9897959183673469,
        "f1-score": 0.9948717948717949,
        "support": 196.0
    },
    "biological": {
        "precision": 0.976303317535545,
        "recall": 0.9903846153846154,
        "f1-score": 0.9832935560859188,
        "support": 208.0
    },
    "cardboard": {
        "precision": 0.9650145772594753,
        "recall": 0.976401179941003,
        "f1-score": 0.9706744868035191,
        "support": 339.0
    },
    "clothes": {
        "precision": 0.9970958373668926,
        "recall": 0.9884836852207294,
        "f1-score": 0.9927710843373494,
        "support": 1042.0
    },
    "glass": {
        "precision": 0.9716666666666667,
        "recall": 0.96843853820598,
        "f1-score": 0.9700499168053245,
        "support": 602.0
    },
    "metal": {
        "precision": 0.914572864321608,
        "recall": 0.9732620320855615,
        "f1-score": 0.9430051813471503,
        "support": 187.0
    },
    "paper": {
        "precision": 0.9590163934426229,
        "recall": 0.9722991689750693,
        "f1-score": 0.9656121045392022,
        "support": 361.0
    },
    "plastic": {
        "precision": 0.9571788413098237,
        "recall": 0.9245742092457421,
        "f1-score": 0.9405940594059405,
        "support": 411.0
    },
    "shoes": {
        "precision": 0.9765807962529274,
        "recall": 0.9811764705882353,
        "f1-score": 0.9788732394366197,
        "support": 425.0
    },
    "trash": {
        "precision": 0.9285714285714286,
        "recall": 0.9337016574585635,
        "f1-score": 0.931129476584022,
        "support": 181.0
    },
    "accuracy": 0.972419028340081,
    "macro avg": {
        "precision": 0.9646000722726991,
        "recall": 0.9698517475472845,
        "f1-score": 0.9670874900216841,
        "support": 3952.0
    },
    "weighted avg": {
        "precision": 0.972640951929701,
        "recall": 0.972419028340081,
        "f1-score": 0.9724402230192665,
        "support": 3952.0
    }
}