{
    "battery": {
        "precision": 1.0,
        "recall": 0.9886363636363636,
        "f1-score": 0.9942857142857143,
        "support": 88.0
    },
    "biological": {
        "precision": 0.9555555555555556,
        "recall": 1.0,
        "f1-score": 0.9772727272727273,
        "support": 86.0
    },
    "cardboard": {
        "precision": 0.945054945054945,
        "recall": 0.9555555555555556,
        "f1-score": 0.9502762430939227,
        "support": 180.0
    },
    "clothes": {
        "precision": 0.9961240310077519,
        "recall": 0.9884615384615385,
        "f1-score": 0.9922779922779923,
        "support": 520.0
    },
    "glass": {
        "precision": 0.9733727810650887,
        "recall": 0.9648093841642229,
        "f1-score": 0.9690721649484536,
        "support": 341.0
    },
    "metal": {
        "precision": 0.9107142857142857,
        "recall": 0.9444444444444444,
        "f1-score": 0.9272727272727272,
        "support": 108.0
    },
    "paper": {
        "precision": 0.9421965317919075,
        "recall": 0.9532163742690059,
        "f1-score": 0.9476744186046512,
        "support": 171.0
    },
    "plastic": {
        "precision": 0.9518716577540107,
        "recall": 0.9319371727748691,
        "f1-score": 0.9417989417989417,
        "support": 191.0
    },
    "shoes": {
        "precision": 0.9696969696969697,
        "recall": 0.9846153846153847,
        "f1-score": 0.9770992366412213,
        "support": 195.0
    },
    "trash": {
        "precision": 0.956989247311828,
        "recall": 0.9270833333333334,
        "f1-score": 0.9417989417989417,
        "support": 96.0
    },
    "accuracy": 0.9676113360323887,
    "macro avg": {
        "precision": 0.9601576004952342,
        "recall": 0.9638759551254719,
        "f1-score": 0.9618829107995293,
        "support": 1976.0
    },
    "weighted avg": {
        "precision": 0.9678311718685799,
        "recall": 0.9676113360323887,
        "f1-score": 0.967641150283232,
        "support": 1976.0
    }
}