{
    "model_type": "ResNet-50",
    "num_classes": 10,
    "class_names": [
        "battery",
        "biological",
        "cardboard",
        "clothes",
        "glass",
        "metal",
        "paper",
        "plastic",
        "shoes",
        "trash"
    ],
    "parameters": 23528522,
    "trainable_parameters": 14985226,
    "hyperparameters": {
        "trial": 14,
        "accuracy": 0.9711538461538461,
        "f1": 0.9710826133160394,
        "learning_rate": 0.0001,
        "batch_size": 32,
        "optimizer": "Adam",
        "dropout_rate": 0.5,
        "unfreeze_layers": "last_block",
        "model_path": "resnet50_results/trial_14/model_trial_14.pth"
    },
    "validation_accuracy": 0.972419028340081,
    "validation_f1": 0.9724402230192665,
    "test_accuracy": 0.9676113360323887,
    "test_f1": 0.967641150283232,
    "per_class_f1": {
        "battery": 0.9942857142857143,
        "biological": 0.9772727272727273,
        "cardboard": 0.9502762430939227,
        "clothes": 0.9922779922779923,
        "glass": 0.9690721649484536,
        "metal": 0.9272727272727272,
        "paper": 0.9476744186046512,
        "plastic": 0.9417989417989417,
        "shoes": 0.9770992366412213,
        "trash": 0.9417989417989417
    }
}