{
    "cardboard": {
        "precision": 0.9859154929577465,
        "recall": 0.9090909090909091,
        "f1-score": 0.9459459459459459,
        "support": 77.0
    },
    "glass": {
        "precision": 0.9629629629629629,
        "recall": 0.9203539823008849,
        "f1-score": 0.9411764705882353,
        "support": 113.0
    },
    "metal": {
        "precision": 0.8902439024390244,
        "recall": 0.9240506329113924,
        "f1-score": 0.906832298136646,
        "support": 79.0
    },
    "paper": {
        "precision": 0.9139784946236559,
        "recall": 0.9239130434782609,
        "f1-score": 0.918918918918919,
        "support": 92.0
    },
    "plastic": {
        "precision": 0.8916666666666667,
        "recall": 0.9224137931034483,
        "f1-score": 0.9067796610169492,
        "support": 116.0
    },
    "trash": {
        "precision": 0.7096774193548387,
        "recall": 0.7857142857142857,
        "f1-score": 0.7457627118644068,
        "support": 28.0
    },
    "accuracy": 0.9128712871287129,
    "macro avg": {
        "precision": 0.8924074898341492,
        "recall": 0.8975894410998636,
        "f1-score": 0.894236001078517,
        "support": 505.0
    },
    "weighted avg": {
        "precision": 0.9157423735562165,
        "recall": 0.9128712871287129,
        "f1-score": 0.9137403321144821,
        "support": 505.0
    }
}