{
    "cardboard": {
        "precision": 0.9636363636363636,
        "recall": 0.7361111111111112,
        "f1-score": 0.8346456692913385,
        "support": 72.0
    },
    "glass": {
        "precision": 0.7238095238095238,
        "recall": 0.8636363636363636,
        "f1-score": 0.7875647668393783,
        "support": 88.0
    },
    "metal": {
        "precision": 0.7326732673267327,
        "recall": 0.891566265060241,
        "f1-score": 0.8043478260869565,
        "support": 83.0
    },
    "paper": {
        "precision": 0.7945205479452054,
        "recall": 0.90625,
        "f1-score": 0.8467153284671532,
        "support": 128.0
    },
    "plastic": {
        "precision": 0.776595744680851,
        "recall": 0.7019230769230769,
        "f1-score": 0.7373737373737373,
        "support": 104.0
    },
    "trash": {
        "precision": 1.0,
        "recall": 0.13333333333333333,
        "f1-score": 0.23529411764705882,
        "support": 30.0
    },
    "accuracy": 0.7841584158415842,
    "macro avg": {
        "precision": 0.8318725745664461,
        "recall": 0.7054700250106878,
        "f1-score": 0.7076569076176038,
        "support": 505.0
    },
    "weighted avg": {
        "precision": 0.8046604456415245,
        "recall": 0.7841584158415842,
        "f1-score": 0.7688837851408615,
        "support": 505.0
    }
}