{
    "battery": {
        "precision": 0.8982300884955752,
        "recall": 0.9530516431924883,
        "f1-score": 0.9248291571753986,
        "support": 213.0
    },
    "biological": {
        "precision": 0.9702970297029703,
        "recall": 0.92018779342723,
        "f1-score": 0.944578313253012,
        "support": 213.0
    },
    "cardboard": {
        "precision": 0.9103641456582633,
        "recall": 0.8977900552486188,
        "f1-score": 0.9040333796940194,
        "support": 362.0
    },
    "clothes": {
        "precision": 0.9925650557620818,
        "recall": 0.9807162534435262,
        "f1-score": 0.9866050808314087,
        "support": 1089.0
    },
    "glass": {
        "precision": 0.8954983922829582,
        "recall": 0.93929173693086,
        "f1-score": 0.9168724279835391,
        "support": 593.0
    },
    "metal": {
        "precision": 0.7791666666666667,
        "recall": 0.8738317757009346,
        "f1-score": 0.8237885462555066,
        "support": 214.0
    },
    "paper": {
        "precision": 0.8910891089108911,
        "recall": 0.8681672025723473,
        "f1-score": 0.8794788273615635,
        "support": 311.0
    },
    "plastic": {
        "precision": 0.8895027624309392,
        "recall": 0.8586666666666667,
        "f1-score": 0.8738127544097694,
        "support": 375.0
    },
    "shoes": {
        "precision": 0.9515738498789347,
        "recall": 0.9825,
        "f1-score": 0.966789667896679,
        "support": 400.0
    },
    "trash": {
        "precision": 0.8410596026490066,
        "recall": 0.6978021978021978,
        "f1-score": 0.7627627627627628,
        "support": 182.0
    },
    "accuracy": 0.9230769230769231,
    "macro avg": {
        "precision": 0.9019346702438286,
        "recall": 0.8972005324984869,
        "f1-score": 0.8983550917623659,
        "support": 3952.0
    },
    "weighted avg": {
        "precision": 0.9237394464414301,
        "recall": 0.9230769230769231,
        "f1-score": 0.9227199631992439,
        "support": 3952.0
    }
}