{
    "battery": {
        "precision": 0.9555555555555556,
        "recall": 0.9608938547486033,
        "f1-score": 0.958217270194986,
        "support": 179.0
    },
    "biological": {
        "precision": 0.9786096256684492,
        "recall": 0.9581151832460733,
        "f1-score": 0.9682539682539683,
        "support": 191.0
    },
    "cardboard": {
        "precision": 0.9615384615384616,
        "recall": 0.9459459459459459,
        "f1-score": 0.9536784741144414,
        "support": 370.0
    },
    "clothes": {
        "precision": 0.9885823025689819,
        "recall": 0.9867046533713201,
        "f1-score": 0.9876425855513308,
        "support": 1053.0
    },
    "glass": {
        "precision": 0.921875,
        "recall": 0.9562398703403565,
        "f1-score": 0.9387430389817024,
        "support": 617.0
    },
    "metal": {
        "precision": 0.817351598173516,
        "recall": 0.927461139896373,
        "f1-score": 0.8689320388349514,
        "support": 193.0
    },
    "paper": {
        "precision": 0.9183673469387755,
        "recall": 0.9156976744186046,
        "f1-score": 0.9170305676855895,
        "support": 344.0
    },
    "plastic": {
        "precision": 0.9427083333333334,
        "recall": 0.861904761904762,
        "f1-score": 0.900497512437811,
        "support": 420.0
    },
    "shoes": {
        "precision": 0.9285714285714286,
        "recall": 0.9741602067183462,
        "f1-score": 0.9508196721311475,
        "support": 387.0
    },
    "trash": {
        "precision": 0.9044943820224719,
        "recall": 0.8131313131313131,
        "f1-score": 0.8563829787234043,
        "support": 198.0
    },
    "accuracy": 0.9433198380566802,
    "macro avg": {
        "precision": 0.9317654034370975,
        "recall": 0.9300254603721699,
        "f1-score": 0.9300198106909333,
        "support": 3952.0
    },
    "weighted avg": {
        "precision": 0.9442191066835797,
        "recall": 0.9433198380566802,
        "f1-score": 0.9431712877697047,
        "support": 3952.0
    }
}