{
    "aerosol_cans": {
        "precision": 0.9181818181818182,
        "recall": 0.9619047619047619,
        "f1-score": 0.9395348837209302,
        "support": 105.0
    },
    "aluminum_food_cans": {
        "precision": 0.5584415584415584,
        "recall": 0.4574468085106383,
        "f1-score": 0.5029239766081871,
        "support": 94.0
    },
    "aluminum_soda_cans": {
        "precision": 0.8611111111111112,
        "recall": 0.9393939393939394,
        "f1-score": 0.8985507246376812,
        "support": 99.0
    },
    "cardboard_boxes": {
        "precision": 0.6390977443609023,
        "recall": 0.7327586206896551,
        "f1-score": 0.6827309236947792,
        "support": 116.0
    },
    "cardboard_packaging": {
        "precision": 0.6666666666666666,
        "recall": 0.5420560747663551,
        "f1-score": 0.5979381443298969,
        "support": 107.0
    },
    "clothing": {
        "precision": 0.8627450980392157,
        "recall": 0.9072164948453608,
        "f1-score": 0.8844221105527639,
        "support": 97.0
    },
    "coffee_grounds": {
        "precision": 0.9662921348314607,
        "recall": 0.9555555555555556,
        "f1-score": 0.9608938547486033,
        "support": 90.0
    },
    "disposable_plastic_cutlery": {
        "precision": 0.9830508474576272,
        "recall": 0.9666666666666667,
        "f1-score": 0.9747899159663865,
        "support": 120.0
    },
    "eggshells": {
        "precision": 0.975,
        "recall": 0.9397590361445783,
        "f1-score": 0.9570552147239264,
        "support": 83.0
    },
    "food_waste": {
        "precision": 0.9541284403669725,
        "recall": 0.9904761904761905,
        "f1-score": 0.9719626168224299,
        "support": 105.0
    },
    "glass_beverage_bottles": {
        "precision": 0.9130434782608695,
        "recall": 0.9230769230769231,
        "f1-score": 0.9180327868852459,
        "support": 91.0
    },
    "glass_cosmetic_containers": {
        "precision": 0.9285714285714286,
        "recall": 0.9578947368421052,
        "f1-score": 0.9430051813471503,
        "support": 95.0
    },
    "glass_food_jars": {
        "precision": 0.9230769230769231,
        "recall": 0.9411764705882353,
        "f1-score": 0.9320388349514563,
        "support": 102.0
    },
    "magazines": {
        "precision": 0.963963963963964,
        "recall": 0.9907407407407407,
        "f1-score": 0.9771689497716894,
        "support": 108.0
    },
    "newspaper": {
        "precision": 0.9090909090909091,
        "recall": 0.8163265306122449,
        "f1-score": 0.8602150537634409,
        "support": 98.0
    },
    "office_paper": {
        "precision": 0.8686868686868687,
        "recall": 0.9052631578947369,
        "f1-score": 0.8865979381443299,
        "support": 95.0
    },
    "paper_cups": {
        "precision": 0.8085106382978723,
        "recall": 0.8735632183908046,
        "f1-score": 0.8397790055248618,
        "support": 87.0
    },
    "plastic_cup_lids": {
        "precision": 0.8404255319148937,
        "recall": 0.9080459770114943,
        "f1-score": 0.8729281767955801,
        "support": 87.0
    },
    "plastic_detergent_bottles": {
        "precision": 0.9805825242718447,
        "recall": 0.9439252336448598,
        "f1-score": 0.9619047619047619,
        "support": 107.0
    },
    "plastic_food_containers": {
        "precision": 0.9404761904761905,
        "recall": 0.8681318681318682,
        "f1-score": 0.9028571428571428,
        "support": 91.0
    },
    "plastic_shopping_bags": {
        "precision": 0.970873786407767,
        "recall": 0.9174311926605505,
        "f1-score": 0.9433962264150944,
        "support": 109.0
    },
    "plastic_soda_bottles": {
        "precision": 0.9347826086956522,
        "recall": 0.8113207547169812,
        "f1-score": 0.8686868686868687,
        "support": 106.0
    },
    "plastic_straws": {
        "precision": 0.8909090909090909,
        "recall": 0.9514563106796117,
        "f1-score": 0.92018779342723,
        "support": 103.0
    },
    "plastic_trash_bags": {
        "precision": 0.9702970297029703,
        "recall": 0.9333333333333333,
        "f1-score": 0.9514563106796117,
        "support": 105.0
    },
    "plastic_water_bottles": {
        "precision": 0.8571428571428571,
        "recall": 0.8571428571428571,
        "f1-score": 0.8571428571428571,
        "support": 91.0
    },
    "shoes": {
        "precision": 0.9479166666666666,
        "recall": 0.9680851063829787,
        "f1-score": 0.9578947368421052,
        "support": 94.0
    },
    "steel_food_cans": {
        "precision": 0.5855855855855856,
        "recall": 0.6132075471698113,
        "f1-score": 0.5990783410138248,
        "support": 106.0
    },
    "styrofoam_cups": {
        "precision": 0.9782608695652174,
        "recall": 0.8910891089108911,
        "f1-score": 0.9326424870466321,
        "support": 101.0
    },
    "styrofoam_food_containers": {
        "precision": 0.9166666666666666,
        "recall": 0.9565217391304348,
        "f1-score": 0.9361702127659575,
        "support": 115.0
    },
    "tea_bags": {
        "precision": 0.8653846153846154,
        "recall": 0.967741935483871,
        "f1-score": 0.9137055837563451,
        "support": 93.0
    },
    "accuracy": 0.879,
    "macro avg": {
        "precision": 0.8792987884265397,
        "recall": 0.8796236297166345,
        "f1-score": 0.8781897205175926,
        "support": 3000.0
    },
    "weighted avg": {
        "precision": 0.8789753127326151,
        "recall": 0.879,
        "f1-score": 0.8777030632985368,
        "support": 3000.0
    }
}