{
    "battery": {
        "precision": 1.0,
        "recall": 0.9828571428571429,
        "f1-score": 0.9913544668587896,
        "support": 175.0
    },
    "biological": {
        "precision": 0.9900497512437811,
        "recall": 0.9660194174757282,
        "f1-score": 0.9778869778869779,
        "support": 206.0
    },
    "cardboard": {
        "precision": 0.967551622418879,
        "recall": 0.9318181818181818,
        "f1-score": 0.9493487698986975,
        "support": 352.0
    },
    "clothes": {
        "precision": 0.9953183520599251,
        "recall": 0.9897579143389199,
        "f1-score": 0.992530345471522,
        "support": 1074.0
    },
    "glass": {
        "precision": 0.936923076923077,
        "recall": 0.9744,
        "f1-score": 0.9552941176470588,
        "support": 625.0
    },
    "metal": {
        "precision": 0.9027777777777778,
        "recall": 0.9069767441860465,
        "f1-score": 0.9048723897911833,
        "support": 215.0
    },
    "paper": {
        "precision": 0.9252336448598131,
        "recall": 0.954983922829582,
        "f1-score": 0.939873417721519,
        "support": 311.0
    },
    "plastic": {
        "precision": 0.967391304347826,
        "recall": 0.9104859335038363,
        "f1-score": 0.9380764163372859,
        "support": 391.0
    },
    "shoes": {
        "precision": 0.9766899766899767,
        "recall": 0.9858823529411764,
        "f1-score": 0.9812646370023419,
        "support": 425.0
    },
    "trash": {
        "precision": 0.8882978723404256,
        "recall": 0.9382022471910112,
        "f1-score": 0.912568306010929,
        "support": 178.0
    },
    "accuracy": 0.9628036437246964,
    "macro avg": {
        "precision": 0.9550233378661481,
        "recall": 0.9541383857141625,
        "f1-score": 0.9543069844626304,
        "support": 3952.0
    },
    "weighted avg": {
        "precision": 0.963406477778443,
        "recall": 0.9628036437246964,
        "f1-score": 0.9628668105808426,
        "support": 3952.0
    }
}