{
    "model_type": "EfficientNetV2-S",
    "num_classes": 30,
    "class_names": [
        "aerosol_cans",
        "aluminum_food_cans",
        "aluminum_soda_cans",
        "cardboard_boxes",
        "cardboard_packaging",
        "clothing",
        "coffee_grounds",
        "disposable_plastic_cutlery",
        "eggshells",
        "food_waste",
        "glass_beverage_bottles",
        "glass_cosmetic_containers",
        "glass_food_jars",
        "magazines",
        "newspaper",
        "office_paper",
        "paper_cups",
        "plastic_cup_lids",
        "plastic_detergent_bottles",
        "plastic_food_containers",
        "plastic_shopping_bags",
        "plastic_soda_bottles",
        "plastic_straws",
        "plastic_trash_bags",
        "plastic_water_bottles",
        "shoes",
        "steel_food_cans",
        "styrofoam_cups",
        "styrofoam_food_containers",
        "tea_bags"
    ],
    "parameters": 20215918,
    "trainable_parameters": 38430,
    "val_accuracy": 0.7603333333333333,
    "test_accuracy": 0.782,
    "val_f1_score": 0.7583631162456297,
    "test_f1_score": 0.7794637487623628,
    "per_class_f1": {
        "aerosol_cans": 0.8468468468468469,
        "aluminum_food_cans": 0.5714285714285714,
        "aluminum_soda_cans": 0.7692307692307693,
        "cardboard_boxes": 0.6299212598425197,
        "cardboard_packaging": 0.3956043956043956,
        "clothing": 0.7111111111111111,
        "coffee_grounds": 0.9357798165137615,
        "disposable_plastic_cutlery": 0.9215686274509803,
        "eggshells": 0.8484848484848485,
        "food_waste": 0.8865979381443299,
        "glass_beverage_bottles": 0.8727272727272727,
        "glass_cosmetic_containers": 0.8837209302325582,
        "glass_food_jars": 0.78125,
        "magazines": 0.8305084745762712,
        "newspaper": 0.7205882352941176,
        "office_paper": 0.5869565217391305,
        "paper_cups": 0.6493506493506493,
        "plastic_cup_lids": 0.82,
        "plastic_detergent_bottles": 0.8955223880597015,
        "plastic_food_containers": 0.8539325842696629,
        "plastic_shopping_bags": 0.8518518518518519,
        "plastic_soda_bottles": 0.7961165048543689,
        "plastic_straws": 0.8421052631578947,
        "plastic_trash_bags": 0.8907563025210085,
        "plastic_water_bottles": 0.7640449438202247,
        "shoes": 0.9278350515463918,
        "steel_food_cans": 0.5,
        "styrofoam_cups": 0.8256880733944955,
        "styrofoam_food_containers": 0.8076923076923077,
        "tea_bags": 0.7903225806451613
    }
}