{
    "cardboard": {
        "precision": 1.0,
        "recall": 0.8571428571428571,
        "f1-score": 0.9230769230769231,
        "support": 77.0
    },
    "glass": {
        "precision": 0.9387755102040817,
        "recall": 0.8598130841121495,
        "f1-score": 0.8975609756097561,
        "support": 107.0
    },
    "metal": {
        "precision": 0.803921568627451,
        "recall": 0.9534883720930233,
        "f1-score": 0.8723404255319149,
        "support": 86.0
    },
    "paper": {
        "precision": 0.8671328671328671,
        "recall": 0.96875,
        "f1-score": 0.915129151291513,
        "support": 128.0
    },
    "plastic": {
        "precision": 0.8717948717948718,
        "recall": 0.8292682926829268,
        "f1-score": 0.85,
        "support": 82.0
    },
    "trash": {
        "precision": 0.7222222222222222,
        "recall": 0.52,
        "f1-score": 0.6046511627906976,
        "support": 25.0
    },
    "accuracy": 0.8811881188118812,
    "macro avg": {
        "precision": 0.8673078399969157,
        "recall": 0.8314104343384928,
        "f1-score": 0.8437931063834675,
        "support": 505.0
    },
    "weighted avg": {
        "precision": 0.8853900525337417,
        "recall": 0.8811881188118812,
        "f1-score": 0.8793862069267183,
        "support": 505.0
    }
}