{
    "battery": {
        "precision": 0.9655172413793104,
        "recall": 0.9423076923076923,
        "f1-score": 0.9537712895377128,
        "support": 208.0
    },
    "biological": {
        "precision": 0.9631578947368421,
        "recall": 0.9336734693877551,
        "f1-score": 0.9481865284974094,
        "support": 196.0
    },
    "cardboard": {
        "precision": 0.9327956989247311,
        "recall": 0.940379403794038,
        "f1-score": 0.9365721997300944,
        "support": 369.0
    },
    "clothes": {
        "precision": 0.9879294336118849,
        "recall": 0.9851851851851852,
        "f1-score": 0.9865554010199351,
        "support": 1080.0
    },
    "glass": {
        "precision": 0.9577702702702703,
        "recall": 0.9402985074626866,
        "f1-score": 0.9489539748953975,
        "support": 603.0
    },
    "metal": {
        "precision": 0.8851674641148325,
        "recall": 0.9024390243902439,
        "f1-score": 0.893719806763285,
        "support": 205.0
    },
    "paper": {
        "precision": 0.9345238095238095,
        "recall": 0.9262536873156342,
        "f1-score": 0.9303703703703704,
        "support": 339.0
    },
    "plastic": {
        "precision": 0.9308510638297872,
        "recall": 0.9234828496042217,
        "f1-score": 0.9271523178807947,
        "support": 379.0
    },
    "shoes": {
        "precision": 0.940149625935162,
        "recall": 0.9691516709511568,
        "f1-score": 0.9544303797468354,
        "support": 389.0
    },
    "trash": {
        "precision": 0.8724489795918368,
        "recall": 0.9293478260869565,
        "f1-score": 0.9,
        "support": 184.0
    },
    "accuracy": 0.9498987854251012,
    "macro avg": {
        "precision": 0.9370311481918467,
        "recall": 0.939251931648557,
        "f1-score": 0.9379712268441835,
        "support": 3952.0
    },
    "weighted avg": {
        "precision": 0.9503065990004124,
        "recall": 0.9498987854251012,
        "f1-score": 0.94999885415323,
        "support": 3952.0
    }
}