{
    "cardboard": {
        "precision": 1.0,
        "recall": 0.9493670886075949,
        "f1-score": 0.974025974025974,
        "support": 79.0
    },
    "glass": {
        "precision": 0.9629629629629629,
        "recall": 0.9541284403669725,
        "f1-score": 0.9585253456221198,
        "support": 109.0
    },
    "metal": {
        "precision": 0.9186046511627907,
        "recall": 0.9875,
        "f1-score": 0.9518072289156626,
        "support": 80.0
    },
    "paper": {
        "precision": 0.9439252336448598,
        "recall": 0.9711538461538461,
        "f1-score": 0.957345971563981,
        "support": 104.0
    },
    "plastic": {
        "precision": 0.9797979797979798,
        "recall": 0.9238095238095239,
        "f1-score": 0.9509803921568627,
        "support": 105.0
    },
    "trash": {
        "precision": 0.9333333333333333,
        "recall": 1.0,
        "f1-score": 0.9655172413793104,
        "support": 28.0
    },
    "accuracy": 0.9584158415841584,
    "macro avg": {
        "precision": 0.9564373601503212,
        "recall": 0.9643264831563229,
        "f1-score": 0.9597003589439851,
        "support": 505.0
    },
    "weighted avg": {
        "precision": 0.9596666941924213,
        "recall": 0.9584158415841584,
        "f1-score": 0.9584619760630919,
        "support": 505.0
    }
}