{
    "cardboard": {
        "precision": 0.9298245614035088,
        "recall": 0.5955056179775281,
        "f1-score": 0.726027397260274,
        "support": 89.0
    },
    "glass": {
        "precision": 0.6148648648648649,
        "recall": 0.8504672897196262,
        "f1-score": 0.7137254901960784,
        "support": 107.0
    },
    "metal": {
        "precision": 0.7272727272727273,
        "recall": 0.5063291139240507,
        "f1-score": 0.5970149253731343,
        "support": 79.0
    },
    "paper": {
        "precision": 0.6233766233766234,
        "recall": 0.9056603773584906,
        "f1-score": 0.7384615384615385,
        "support": 106.0
    },
    "plastic": {
        "precision": 0.7142857142857143,
        "recall": 0.65,
        "f1-score": 0.680628272251309,
        "support": 100.0
    },
    "trash": {
        "precision": 0.0,
        "recall": 0.0,
        "f1-score": 0.0,
        "support": 24.0
    },
    "accuracy": 0.6831683168316832,
    "macro avg": {
        "precision": 0.6016040818672398,
        "recall": 0.5846603998299492,
        "f1-score": 0.575976270590389,
        "support": 505.0
    },
    "weighted avg": {
        "precision": 0.6802098326069145,
        "recall": 0.6831683168316832,
        "f1-score": 0.662354445967676,
        "support": 505.0
    }
}