{
    "cardboard": {
        "precision": 1.0,
        "recall": 0.9459459459459459,
        "f1-score": 0.9722222222222222,
        "support": 74.0
    },
    "glass": {
        "precision": 0.9175257731958762,
        "recall": 0.9468085106382979,
        "f1-score": 0.9319371727748691,
        "support": 94.0
    },
    "metal": {
        "precision": 0.9102564102564102,
        "recall": 0.9594594594594594,
        "f1-score": 0.9342105263157895,
        "support": 74.0
    },
    "paper": {
        "precision": 0.9512195121951219,
        "recall": 0.9512195121951219,
        "f1-score": 0.9512195121951219,
        "support": 123.0
    },
    "plastic": {
        "precision": 0.9351851851851852,
        "recall": 0.9439252336448598,
        "f1-score": 0.9395348837209302,
        "support": 107.0
    },
    "trash": {
        "precision": 0.8275862068965517,
        "recall": 0.7272727272727273,
        "f1-score": 0.7741935483870968,
        "support": 33.0
    },
    "accuracy": 0.9346534653465347,
    "macro avg": {
        "precision": 0.9236288479548574,
        "recall": 0.9124385648594021,
        "f1-score": 0.9172196442693382,
        "support": 505.0
    },
    "weighted avg": {
        "precision": 0.9346169439243323,
        "recall": 0.9346534653465347,
        "f1-score": 0.9341717570050778,
        "support": 505.0
    }
}