{
    "model_type": "ResNet-50",
    "num_classes": 30,
    "class_names": [
        "aerosol_cans",
        "aluminum_food_cans",
        "aluminum_soda_cans",
        "cardboard_boxes",
        "cardboard_packaging",
        "clothing",
        "coffee_grounds",
        "disposable_plastic_cutlery",
        "eggshells",
        "food_waste",
        "glass_beverage_bottles",
        "glass_cosmetic_containers",
        "glass_food_jars",
        "magazines",
        "newspaper",
        "office_paper",
        "paper_cups",
        "plastic_cup_lids",
        "plastic_detergent_bottles",
        "plastic_food_containers",
        "plastic_shopping_bags",
        "plastic_soda_bottles",
        "plastic_straws",
        "plastic_trash_bags",
        "plastic_water_bottles",
        "shoes",
        "steel_food_cans",
        "styrofoam_cups",
        "styrofoam_food_containers",
        "tea_bags"
    ],
    "parameters": 23569502,
    "trainable_parameters": 61470,
    "val_accuracy": 0.837,
    "test_accuracy": 0.8546666666666667,
    "val_f1_score": 0.8367806954398226,
    "test_f1_score": 0.8539856265947412,
    "per_class_f1": {
        "aerosol_cans": 0.9122807017543859,
        "aluminum_food_cans": 0.5346534653465347,
        "aluminum_soda_cans": 0.8282828282828283,
        "cardboard_boxes": 0.6610169491525424,
        "cardboard_packaging": 0.5714285714285714,
        "clothing": 0.8913043478260869,
        "coffee_grounds": 0.9369369369369369,
        "disposable_plastic_cutlery": 0.94,
        "eggshells": 0.9361702127659575,
        "food_waste": 0.989010989010989,
        "glass_beverage_bottles": 0.9026548672566371,
        "glass_cosmetic_containers": 0.9523809523809523,
        "glass_food_jars": 0.8709677419354839,
        "magazines": 0.9026548672566371,
        "newspaper": 0.8292682926829268,
        "office_paper": 0.8235294117647058,
        "paper_cups": 0.8222222222222222,
        "plastic_cup_lids": 0.8712871287128713,
        "plastic_detergent_bottles": 0.9836065573770492,
        "plastic_food_containers": 0.8695652173913043,
        "plastic_shopping_bags": 0.912621359223301,
        "plastic_soda_bottles": 0.8571428571428571,
        "plastic_straws": 0.8823529411764706,
        "plastic_trash_bags": 0.95,
        "plastic_water_bottles": 0.7912087912087912,
        "shoes": 0.9795918367346939,
        "steel_food_cans": 0.5806451612903226,
        "styrofoam_cups": 0.8952380952380953,
        "styrofoam_food_containers": 0.8958333333333334,
        "tea_bags": 0.890625
    }
}