{
    "aerosol_cans": {
        "precision": 0.9478260869565217,
        "recall": 0.956140350877193,
        "f1-score": 0.9519650655021834,
        "support": 114.0
    },
    "aluminum_food_cans": {
        "precision": 0.631578947368421,
        "recall": 0.5517241379310345,
        "f1-score": 0.588957055214724,
        "support": 87.0
    },
    "aluminum_soda_cans": {
        "precision": 0.8787878787878788,
        "recall": 0.87,
        "f1-score": 0.8743718592964824,
        "support": 100.0
    },
    "cardboard_boxes": {
        "precision": 0.6136363636363636,
        "recall": 0.6067415730337079,
        "f1-score": 0.6101694915254238,
        "support": 89.0
    },
    "cardboard_packaging": {
        "precision": 0.6548672566371682,
        "recall": 0.6607142857142857,
        "f1-score": 0.6577777777777778,
        "support": 112.0
    },
    "clothing": {
        "precision": 0.9285714285714286,
        "recall": 0.9381443298969072,
        "f1-score": 0.9333333333333333,
        "support": 97.0
    },
    "coffee_grounds": {
        "precision": 0.9316239316239316,
        "recall": 0.9732142857142857,
        "f1-score": 0.9519650655021834,
        "support": 112.0
    },
    "disposable_plastic_cutlery": {
        "precision": 0.9642857142857143,
        "recall": 0.9908256880733946,
        "f1-score": 0.9773755656108597,
        "support": 109.0
    },
    "eggshells": {
        "precision": 0.9819819819819819,
        "recall": 0.9646017699115044,
        "f1-score": 0.9732142857142857,
        "support": 113.0
    },
    "food_waste": {
        "precision": 0.9714285714285714,
        "recall": 0.9807692307692307,
        "f1-score": 0.9760765550239234,
        "support": 104.0
    },
    "glass_beverage_bottles": {
        "precision": 0.8627450980392157,
        "recall": 0.946236559139785,
        "f1-score": 0.9025641025641026,
        "support": 93.0
    },
    "glass_cosmetic_containers": {
        "precision": 0.926605504587156,
        "recall": 0.9619047619047619,
        "f1-score": 0.9439252336448598,
        "support": 105.0
    },
    "glass_food_jars": {
        "precision": 0.9560439560439561,
        "recall": 0.925531914893617,
        "f1-score": 0.9405405405405406,
        "support": 94.0
    },
    "magazines": {
        "precision": 0.946236559139785,
        "recall": 0.9565217391304348,
        "f1-score": 0.9513513513513514,
        "support": 92.0
    },
    "newspaper": {
        "precision": 0.8222222222222222,
        "recall": 0.8604651162790697,
        "f1-score": 0.8409090909090909,
        "support": 86.0
    },
    "office_paper": {
        "precision": 0.8958333333333334,
        "recall": 0.8958333333333334,
        "f1-score": 0.8958333333333334,
        "support": 96.0
    },
    "paper_cups": {
        "precision": 0.8269230769230769,
        "recall": 0.8269230769230769,
        "f1-score": 0.8269230769230769,
        "support": 104.0
    },
    "plastic_cup_lids": {
        "precision": 0.8910891089108911,
        "recall": 0.8823529411764706,
        "f1-score": 0.8866995073891626,
        "support": 102.0
    },
    "plastic_detergent_bottles": {
        "precision": 0.97,
        "recall": 0.9797979797979798,
        "f1-score": 0.9748743718592965,
        "support": 99.0
    },
    "plastic_food_containers": {
        "precision": 0.9183673469387755,
        "recall": 0.9090909090909091,
        "f1-score": 0.9137055837563451,
        "support": 99.0
    },
    "plastic_shopping_bags": {
        "precision": 0.9,
        "recall": 0.9375,
        "f1-score": 0.9183673469387755,
        "support": 96.0
    },
    "plastic_soda_bottles": {
        "precision": 0.8705882352941177,
        "recall": 0.7551020408163265,
        "f1-score": 0.8087431693989071,
        "support": 98.0
    },
    "plastic_straws": {
        "precision": 0.9009009009009009,
        "recall": 0.9433962264150944,
        "f1-score": 0.9216589861751152,
        "support": 106.0
    },
    "plastic_trash_bags": {
        "precision": 0.8979591836734694,
        "recall": 0.8712871287128713,
        "f1-score": 0.8844221105527639,
        "support": 101.0
    },
    "plastic_water_bottles": {
        "precision": 0.84375,
        "recall": 0.7714285714285715,
        "f1-score": 0.8059701492537313,
        "support": 105.0
    },
    "shoes": {
        "precision": 0.9696969696969697,
        "recall": 0.9795918367346939,
        "f1-score": 0.9746192893401016,
        "support": 98.0
    },
    "steel_food_cans": {
        "precision": 0.6697247706422018,
        "recall": 0.776595744680851,
        "f1-score": 0.7192118226600985,
        "support": 94.0
    },
    "styrofoam_cups": {
        "precision": 0.93,
        "recall": 0.8691588785046729,
        "f1-score": 0.8985507246376812,
        "support": 107.0
    },
    "styrofoam_food_containers": {
        "precision": 0.9468085106382979,
        "recall": 0.967391304347826,
        "f1-score": 0.956989247311828,
        "support": 92.0
    },
    "tea_bags": {
        "precision": 0.9333333333333333,
        "recall": 0.875,
        "f1-score": 0.9032258064516129,
        "support": 96.0
    },
    "accuracy": 0.882,
    "macro avg": {
        "precision": 0.8794472090531895,
        "recall": 0.8794661905077297,
        "f1-score": 0.878809696649765,
        "support": 3000.0
    },
    "weighted avg": {
        "precision": 0.8820176686709517,
        "recall": 0.882,
        "f1-score": 0.8813838514812836,
        "support": 3000.0
    }
}