{
    "cardboard": {
        "precision": 1.0,
        "recall": 0.8625,
        "f1-score": 0.9261744966442953,
        "support": 80.0
    },
    "glass": {
        "precision": 0.9245283018867925,
        "recall": 0.9423076923076923,
        "f1-score": 0.9333333333333333,
        "support": 104.0
    },
    "metal": {
        "precision": 0.8783783783783784,
        "recall": 0.9420289855072463,
        "f1-score": 0.9090909090909091,
        "support": 69.0
    },
    "paper": {
        "precision": 0.8823529411764706,
        "recall": 0.967741935483871,
        "f1-score": 0.9230769230769231,
        "support": 124.0
    },
    "plastic": {
        "precision": 0.9090909090909091,
        "recall": 0.8602150537634409,
        "f1-score": 0.8839779005524862,
        "support": 93.0
    },
    "trash": {
        "precision": 0.78125,
        "recall": 0.7142857142857143,
        "f1-score": 0.746268656716418,
        "support": 35.0
    },
    "accuracy": 0.904950495049505,
    "macro avg": {
        "precision": 0.8959334217554251,
        "recall": 0.8815132302246608,
        "f1-score": 0.886987036569061,
        "support": 505.0
    },
    "weighted avg": {
        "precision": 0.9070495460508347,
        "recall": 0.904950495049505,
        "f1-score": 0.9043144263831234,
        "support": 505.0
    }
}