{
    "cardboard": {
        "precision": 0.9230769230769231,
        "recall": 0.8888888888888888,
        "f1-score": 0.9056603773584906,
        "support": 81.0
    },
    "glass": {
        "precision": 0.91,
        "recall": 0.9578947368421052,
        "f1-score": 0.9333333333333333,
        "support": 95.0
    },
    "metal": {
        "precision": 0.9367088607594937,
        "recall": 0.925,
        "f1-score": 0.9308176100628931,
        "support": 80.0
    },
    "paper": {
        "precision": 0.9482758620689655,
        "recall": 0.9166666666666666,
        "f1-score": 0.9322033898305084,
        "support": 120.0
    },
    "plastic": {
        "precision": 0.9047619047619048,
        "recall": 0.9223300970873787,
        "f1-score": 0.9134615384615384,
        "support": 103.0
    },
    "trash": {
        "precision": 0.7407407407407407,
        "recall": 0.7692307692307693,
        "f1-score": 0.7547169811320755,
        "support": 26.0
    },
    "accuracy": 0.9148514851485149,
    "macro avg": {
        "precision": 0.8939273819013379,
        "recall": 0.8966685264526348,
        "f1-score": 0.8950322050298065,
        "support": 505.0
    },
    "weighted avg": {
        "precision": 0.9156411456000031,
        "recall": 0.9148514851485149,
        "f1-score": 0.9149785203730084,
        "support": 505.0
    }
}