{
    "cardboard": {
        "precision": 0.9714285714285714,
        "recall": 0.8292682926829268,
        "f1-score": 0.8947368421052632,
        "support": 82.0
    },
    "glass": {
        "precision": 0.898989898989899,
        "recall": 0.8557692307692307,
        "f1-score": 0.8768472906403941,
        "support": 104.0
    },
    "metal": {
        "precision": 0.7906976744186046,
        "recall": 0.918918918918919,
        "f1-score": 0.85,
        "support": 74.0
    },
    "paper": {
        "precision": 0.8620689655172413,
        "recall": 0.9433962264150944,
        "f1-score": 0.9009009009009009,
        "support": 106.0
    },
    "plastic": {
        "precision": 0.8807339449541285,
        "recall": 0.8888888888888888,
        "f1-score": 0.8847926267281107,
        "support": 108.0
    },
    "trash": {
        "precision": 0.84,
        "recall": 0.6774193548387096,
        "f1-score": 0.75,
        "support": 31.0
    },
    "accuracy": 0.8752475247524752,
    "macro avg": {
        "precision": 0.8739865092180742,
        "recall": 0.8522768187522948,
        "f1-score": 0.8595462767291115,
        "support": 505.0
    },
    "weighted avg": {
        "precision": 0.8796085082355298,
        "recall": 0.8752475247524752,
        "f1-score": 0.8747794821017109,
        "support": 505.0
    }
}