{
    "aerosol_cans": {
        "precision": 0.9306930693069307,
        "recall": 1.0,
        "f1-score": 0.9641025641025641,
        "support": 94.0
    },
    "aluminum_food_cans": {
        "precision": 0.6909090909090909,
        "recall": 0.4,
        "f1-score": 0.5066666666666667,
        "support": 95.0
    },
    "aluminum_soda_cans": {
        "precision": 0.8811881188118812,
        "recall": 0.9175257731958762,
        "f1-score": 0.898989898989899,
        "support": 97.0
    },
    "cardboard_boxes": {
        "precision": 0.7586206896551724,
        "recall": 0.6111111111111112,
        "f1-score": 0.676923076923077,
        "support": 108.0
    },
    "cardboard_packaging": {
        "precision": 0.5982905982905983,
        "recall": 0.7865168539325843,
        "f1-score": 0.6796116504854369,
        "support": 89.0
    },
    "clothing": {
        "precision": 0.9270833333333334,
        "recall": 0.8725490196078431,
        "f1-score": 0.898989898989899,
        "support": 102.0
    },
    "coffee_grounds": {
        "precision": 0.9711538461538461,
        "recall": 0.9711538461538461,
        "f1-score": 0.9711538461538461,
        "support": 104.0
    },
    "disposable_plastic_cutlery": {
        "precision": 0.9759036144578314,
        "recall": 0.9759036144578314,
        "f1-score": 0.9759036144578314,
        "support": 83.0
    },
    "eggshells": {
        "precision": 1.0,
        "recall": 0.968421052631579,
        "f1-score": 0.983957219251337,
        "support": 95.0
    },
    "food_waste": {
        "precision": 0.9578947368421052,
        "recall": 0.9479166666666666,
        "f1-score": 0.9528795811518325,
        "support": 96.0
    },
    "glass_beverage_bottles": {
        "precision": 0.9405940594059405,
        "recall": 0.95,
        "f1-score": 0.945273631840796,
        "support": 100.0
    },
    "glass_cosmetic_containers": {
        "precision": 0.967032967032967,
        "recall": 0.9263157894736842,
        "f1-score": 0.946236559139785,
        "support": 95.0
    },
    "glass_food_jars": {
        "precision": 0.9428571428571428,
        "recall": 0.9428571428571428,
        "f1-score": 0.9428571428571428,
        "support": 105.0
    },
    "magazines": {
        "precision": 0.9130434782608695,
        "recall": 0.9130434782608695,
        "f1-score": 0.9130434782608695,
        "support": 92.0
    },
    "newspaper": {
        "precision": 0.8543689320388349,
        "recall": 0.8627450980392157,
        "f1-score": 0.8585365853658536,
        "support": 102.0
    },
    "office_paper": {
        "precision": 0.8548387096774194,
        "recall": 0.8983050847457628,
        "f1-score": 0.8760330578512396,
        "support": 118.0
    },
    "paper_cups": {
        "precision": 0.8809523809523809,
        "recall": 0.8951612903225806,
        "f1-score": 0.888,
        "support": 124.0
    },
    "plastic_cup_lids": {
        "precision": 0.8761061946902655,
        "recall": 0.9,
        "f1-score": 0.8878923766816144,
        "support": 110.0
    },
    "plastic_detergent_bottles": {
        "precision": 0.9787234042553191,
        "recall": 0.989247311827957,
        "f1-score": 0.983957219251337,
        "support": 93.0
    },
    "plastic_food_containers": {
        "precision": 0.9150943396226415,
        "recall": 0.9238095238095239,
        "f1-score": 0.919431279620853,
        "support": 105.0
    },
    "plastic_shopping_bags": {
        "precision": 0.9215686274509803,
        "recall": 0.9215686274509803,
        "f1-score": 0.9215686274509803,
        "support": 102.0
    },
    "plastic_soda_bottles": {
        "precision": 0.900990099009901,
        "recall": 0.883495145631068,
        "f1-score": 0.8921568627450981,
        "support": 103.0
    },
    "plastic_straws": {
        "precision": 0.9354838709677419,
        "recall": 0.9560439560439561,
        "f1-score": 0.9456521739130435,
        "support": 91.0
    },
    "plastic_trash_bags": {
        "precision": 0.9528301886792453,
        "recall": 0.926605504587156,
        "f1-score": 0.9395348837209302,
        "support": 109.0
    },
    "plastic_water_bottles": {
        "precision": 0.9111111111111111,
        "recall": 0.8913043478260869,
        "f1-score": 0.9010989010989011,
        "support": 92.0
    },
    "shoes": {
        "precision": 0.9801980198019802,
        "recall": 1.0,
        "f1-score": 0.99,
        "support": 99.0
    },
    "steel_food_cans": {
        "precision": 0.6187050359712231,
        "recall": 0.7543859649122807,
        "f1-score": 0.6798418972332015,
        "support": 114.0
    },
    "styrofoam_cups": {
        "precision": 0.9523809523809523,
        "recall": 0.9195402298850575,
        "f1-score": 0.935672514619883,
        "support": 87.0
    },
    "styrofoam_food_containers": {
        "precision": 0.9468085106382979,
        "recall": 0.967391304347826,
        "f1-score": 0.956989247311828,
        "support": 92.0
    },
    "tea_bags": {
        "precision": 0.9326923076923077,
        "recall": 0.9326923076923077,
        "f1-score": 0.9326923076923077,
        "support": 104.0
    },
    "accuracy": 0.892,
    "macro avg": {
        "precision": 0.8956039143419438,
        "recall": 0.8935203348490263,
        "f1-score": 0.8921882254609349,
        "support": 3000.0
    },
    "weighted avg": {
        "precision": 0.8937011256045089,
        "recall": 0.892,
        "f1-score": 0.8905366022748976,
        "support": 3000.0
    }
}