{
    "battery": {
        "precision": 0.9675925925925926,
        "recall": 0.990521327014218,
        "f1-score": 0.9789227166276346,
        "support": 211.0
    },
    "biological": {
        "precision": 0.9943502824858758,
        "recall": 0.9832402234636871,
        "f1-score": 0.9887640449438202,
        "support": 179.0
    },
    "cardboard": {
        "precision": 0.9671232876712329,
        "recall": 0.9724517906336089,
        "f1-score": 0.9697802197802198,
        "support": 363.0
    },
    "clothes": {
        "precision": 0.9902152641878669,
        "recall": 0.9911851126346719,
        "f1-score": 0.990699951052374,
        "support": 1021.0
    },
    "glass": {
        "precision": 0.9762658227848101,
        "recall": 0.982484076433121,
        "f1-score": 0.9793650793650793,
        "support": 628.0
    },
    "metal": {
        "precision": 0.9248826291079812,
        "recall": 0.9292452830188679,
        "f1-score": 0.9270588235294117,
        "support": 212.0
    },
    "paper": {
        "precision": 0.9583333333333334,
        "recall": 0.9583333333333334,
        "f1-score": 0.9583333333333334,
        "support": 336.0
    },
    "plastic": {
        "precision": 0.9694835680751174,
        "recall": 0.9343891402714932,
        "f1-score": 0.9516129032258065,
        "support": 442.0
    },
    "shoes": {
        "precision": 0.9641943734015346,
        "recall": 0.9869109947643979,
        "f1-score": 0.9754204398447607,
        "support": 382.0
    },
    "trash": {
        "precision": 0.9310344827586207,
        "recall": 0.9101123595505618,
        "f1-score": 0.9204545454545454,
        "support": 178.0
    },
    "accuracy": 0.9711538461538461,
    "macro avg": {
        "precision": 0.9643475636398966,
        "recall": 0.9638873641117961,
        "f1-score": 0.9640412057156986,
        "support": 3952.0
    },
    "weighted avg": {
        "precision": 0.971142321736299,
        "recall": 0.9711538461538461,
        "f1-score": 0.9710826133160394,
        "support": 3952.0
    }
}