{
    "cardboard": {
        "precision": 0.9882352941176471,
        "recall": 0.9655172413793104,
        "f1-score": 0.9767441860465116,
        "support": 87.0
    },
    "glass": {
        "precision": 0.9325842696629213,
        "recall": 0.9120879120879121,
        "f1-score": 0.9222222222222223,
        "support": 91.0
    },
    "metal": {
        "precision": 0.8928571428571429,
        "recall": 0.9493670886075949,
        "f1-score": 0.9202453987730062,
        "support": 79.0
    },
    "paper": {
        "precision": 0.9565217391304348,
        "recall": 0.9821428571428571,
        "f1-score": 0.9691629955947136,
        "support": 112.0
    },
    "plastic": {
        "precision": 0.9333333333333333,
        "recall": 0.9074074074074074,
        "f1-score": 0.92018779342723,
        "support": 108.0
    },
    "trash": {
        "precision": 0.9259259259259259,
        "recall": 0.8928571428571429,
        "f1-score": 0.9090909090909091,
        "support": 28.0
    },
    "accuracy": 0.9405940594059405,
    "macro avg": {
        "precision": 0.9382429508379008,
        "recall": 0.9348966082470377,
        "f1-score": 0.9362755841924323,
        "support": 505.0
    },
    "weighted avg": {
        "precision": 0.9410568596471487,
        "recall": 0.9405940594059405,
        "f1-score": 0.9405533377477829,
        "support": 505.0
    }
}