{
    "cardboard": {
        "precision": 0.9876543209876543,
        "recall": 0.9090909090909091,
        "f1-score": 0.9467455621301775,
        "support": 88.0
    },
    "glass": {
        "precision": 0.8181818181818182,
        "recall": 0.84375,
        "f1-score": 0.8307692307692308,
        "support": 96.0
    },
    "metal": {
        "precision": 0.8024691358024691,
        "recall": 0.9420289855072463,
        "f1-score": 0.8666666666666667,
        "support": 69.0
    },
    "paper": {
        "precision": 0.8888888888888888,
        "recall": 0.967741935483871,
        "f1-score": 0.9266409266409267,
        "support": 124.0
    },
    "plastic": {
        "precision": 0.8804347826086957,
        "recall": 0.826530612244898,
        "f1-score": 0.8526315789473684,
        "support": 98.0
    },
    "trash": {
        "precision": 0.8823529411764706,
        "recall": 0.5,
        "f1-score": 0.6382978723404256,
        "support": 30.0
    },
    "accuracy": 0.8752475247524752,
    "macro avg": {
        "precision": 0.8766636479409996,
        "recall": 0.8315237403878207,
        "f1-score": 0.8436253062491326,
        "support": 505.0
    },
    "weighted avg": {
        "precision": 0.8788214342889248,
        "recall": 0.8752475247524752,
        "f1-score": 0.872233190954122,
        "support": 505.0
    }
}