{
    "cardboard": {
        "precision": 1.0,
        "recall": 0.8526315789473684,
        "f1-score": 0.9204545454545454,
        "support": 95.0
    },
    "glass": {
        "precision": 0.9351851851851852,
        "recall": 0.9181818181818182,
        "f1-score": 0.926605504587156,
        "support": 110.0
    },
    "metal": {
        "precision": 0.7608695652173914,
        "recall": 0.9459459459459459,
        "f1-score": 0.8433734939759037,
        "support": 74.0
    },
    "paper": {
        "precision": 0.8455284552845529,
        "recall": 0.9043478260869565,
        "f1-score": 0.8739495798319328,
        "support": 115.0
    },
    "plastic": {
        "precision": 0.8333333333333334,
        "recall": 0.8045977011494253,
        "f1-score": 0.8187134502923976,
        "support": 87.0
    },
    "trash": {
        "precision": 0.6470588235294118,
        "recall": 0.4583333333333333,
        "f1-score": 0.5365853658536586,
        "support": 24.0
    },
    "accuracy": 0.8653465346534653,
    "macro avg": {
        "precision": 0.8369958937583125,
        "recall": 0.8140063672741412,
        "f1-score": 0.8199469899992655,
        "support": 505.0
    },
    "weighted avg": {
        "precision": 0.8701780243938352,
        "recall": 0.8653465346534653,
        "f1-score": 0.8641381119080881,
        "support": 505.0
    }
}