{
    "cardboard": {
        "precision": 1.0,
        "recall": 0.8243243243243243,
        "f1-score": 0.9037037037037037,
        "support": 74.0
    },
    "glass": {
        "precision": 0.8290598290598291,
        "recall": 0.8899082568807339,
        "f1-score": 0.8584070796460177,
        "support": 109.0
    },
    "metal": {
        "precision": 0.8202247191011236,
        "recall": 0.8795180722891566,
        "f1-score": 0.8488372093023255,
        "support": 83.0
    },
    "paper": {
        "precision": 0.8396946564885496,
        "recall": 0.9322033898305084,
        "f1-score": 0.8835341365461847,
        "support": 118.0
    },
    "plastic": {
        "precision": 0.8876404494382022,
        "recall": 0.8404255319148937,
        "f1-score": 0.8633879781420765,
        "support": 94.0
    },
    "trash": {
        "precision": 0.8888888888888888,
        "recall": 0.5925925925925926,
        "f1-score": 0.7111111111111111,
        "support": 27.0
    },
    "accuracy": 0.8633663366336634,
    "macro avg": {
        "precision": 0.8775847571627656,
        "recall": 0.8264953613053682,
        "f1-score": 0.8448302030752366,
        "support": 505.0
    },
    "weighted avg": {
        "precision": 0.8692442470609,
        "recall": 0.8633663366336634,
        "f1-score": 0.8623949152185901,
        "support": 505.0
    }
}