{
    "aerosol_cans": {
        "precision": 0.8691588785046729,
        "recall": 0.9393939393939394,
        "f1-score": 0.9029126213592233,
        "support": 99.0
    },
    "aluminum_food_cans": {
        "precision": 0.512,
        "recall": 0.6274509803921569,
        "f1-score": 0.5638766519823789,
        "support": 102.0
    },
    "aluminum_soda_cans": {
        "precision": 0.8095238095238095,
        "recall": 0.8793103448275862,
        "f1-score": 0.8429752066115702,
        "support": 116.0
    },
    "cardboard_boxes": {
        "precision": 0.6160714285714286,
        "recall": 0.7263157894736842,
        "f1-score": 0.6666666666666666,
        "support": 95.0
    },
    "cardboard_packaging": {
        "precision": 0.6666666666666666,
        "recall": 0.4946236559139785,
        "f1-score": 0.5679012345679012,
        "support": 93.0
    },
    "clothing": {
        "precision": 0.8539325842696629,
        "recall": 0.8085106382978723,
        "f1-score": 0.8306010928961749,
        "support": 94.0
    },
    "coffee_grounds": {
        "precision": 0.9787234042553191,
        "recall": 0.9387755102040817,
        "f1-score": 0.9583333333333334,
        "support": 98.0
    },
    "disposable_plastic_cutlery": {
        "precision": 0.98989898989899,
        "recall": 0.9514563106796117,
        "f1-score": 0.9702970297029703,
        "support": 103.0
    },
    "eggshells": {
        "precision": 0.9150943396226415,
        "recall": 0.9150943396226415,
        "f1-score": 0.9150943396226415,
        "support": 106.0
    },
    "food_waste": {
        "precision": 0.8737864077669902,
        "recall": 0.9375,
        "f1-score": 0.9045226130653267,
        "support": 96.0
    },
    "glass_beverage_bottles": {
        "precision": 0.9107142857142857,
        "recall": 0.9272727272727272,
        "f1-score": 0.918918918918919,
        "support": 110.0
    },
    "glass_cosmetic_containers": {
        "precision": 0.8712871287128713,
        "recall": 0.9565217391304348,
        "f1-score": 0.9119170984455959,
        "support": 92.0
    },
    "glass_food_jars": {
        "precision": 0.9230769230769231,
        "recall": 0.9230769230769231,
        "f1-score": 0.9230769230769231,
        "support": 104.0
    },
    "magazines": {
        "precision": 0.9174311926605505,
        "recall": 0.9009009009009009,
        "f1-score": 0.9090909090909091,
        "support": 111.0
    },
    "newspaper": {
        "precision": 0.8021978021978022,
        "recall": 0.8021978021978022,
        "f1-score": 0.8021978021978022,
        "support": 91.0
    },
    "office_paper": {
        "precision": 0.8333333333333334,
        "recall": 0.8080808080808081,
        "f1-score": 0.8205128205128205,
        "support": 99.0
    },
    "paper_cups": {
        "precision": 0.7920792079207921,
        "recall": 0.851063829787234,
        "f1-score": 0.8205128205128205,
        "support": 94.0
    },
    "plastic_cup_lids": {
        "precision": 0.9111111111111111,
        "recall": 0.7884615384615384,
        "f1-score": 0.845360824742268,
        "support": 104.0
    },
    "plastic_detergent_bottles": {
        "precision": 0.9509803921568627,
        "recall": 0.9603960396039604,
        "f1-score": 0.9556650246305419,
        "support": 101.0
    },
    "plastic_food_containers": {
        "precision": 0.967032967032967,
        "recall": 0.8543689320388349,
        "f1-score": 0.9072164948453608,
        "support": 103.0
    },
    "plastic_shopping_bags": {
        "precision": 0.8709677419354839,
        "recall": 0.8617021276595744,
        "f1-score": 0.8663101604278075,
        "support": 94.0
    },
    "plastic_soda_bottles": {
        "precision": 0.7692307692307693,
        "recall": 0.7954545454545454,
        "f1-score": 0.7821229050279329,
        "support": 88.0
    },
    "plastic_straws": {
        "precision": 0.8775510204081632,
        "recall": 0.9148936170212766,
        "f1-score": 0.8958333333333334,
        "support": 94.0
    },
    "plastic_trash_bags": {
        "precision": 0.9285714285714286,
        "recall": 0.8813559322033898,
        "f1-score": 0.9043478260869565,
        "support": 118.0
    },
    "plastic_water_bottles": {
        "precision": 0.8484848484848485,
        "recall": 0.7850467289719626,
        "f1-score": 0.8155339805825242,
        "support": 107.0
    },
    "shoes": {
        "precision": 0.9072164948453608,
        "recall": 0.946236559139785,
        "f1-score": 0.9263157894736842,
        "support": 93.0
    },
    "steel_food_cans": {
        "precision": 0.6,
        "recall": 0.4811320754716981,
        "f1-score": 0.5340314136125655,
        "support": 106.0
    },
    "styrofoam_cups": {
        "precision": 0.9514563106796117,
        "recall": 0.9245283018867925,
        "f1-score": 0.937799043062201,
        "support": 106.0
    },
    "styrofoam_food_containers": {
        "precision": 0.8425925925925926,
        "recall": 0.978494623655914,
        "f1-score": 0.9054726368159204,
        "support": 93.0
    },
    "tea_bags": {
        "precision": 0.8735632183908046,
        "recall": 0.8444444444444444,
        "f1-score": 0.8587570621468926,
        "support": 90.0
    },
    "accuracy": 0.8473333333333334,
    "macro avg": {
        "precision": 0.8477911759378914,
        "recall": 0.8468020568422033,
        "f1-score": 0.8454724859117324,
        "support": 3000.0
    },
    "weighted avg": {
        "precision": 0.849495290877764,
        "recall": 0.8473333333333334,
        "f1-score": 0.8466118190609365,
        "support": 3000.0
    }
}