{
    "battery": {
        "precision": 0.93048128342246,
        "recall": 0.9666666666666667,
        "f1-score": 0.9482288828337875,
        "support": 180.0
    },
    "biological": {
        "precision": 0.918918918918919,
        "recall": 0.96045197740113,
        "f1-score": 0.9392265193370166,
        "support": 177.0
    },
    "cardboard": {
        "precision": 0.9224806201550387,
        "recall": 0.9345549738219895,
        "f1-score": 0.9284785435630689,
        "support": 382.0
    },
    "clothes": {
        "precision": 0.993439550140581,
        "recall": 0.9869646182495344,
        "f1-score": 0.9901914992993928,
        "support": 1074.0
    },
    "glass": {
        "precision": 0.9143302180685359,
        "recall": 0.9258675078864353,
        "f1-score": 0.9200626959247649,
        "support": 634.0
    },
    "metal": {
        "precision": 0.8201754385964912,
        "recall": 0.8904761904761904,
        "f1-score": 0.8538812785388128,
        "support": 210.0
    },
    "paper": {
        "precision": 0.8956228956228957,
        "recall": 0.8807947019867549,
        "f1-score": 0.8881469115191987,
        "support": 302.0
    },
    "plastic": {
        "precision": 0.9026315789473685,
        "recall": 0.8365853658536585,
        "f1-score": 0.8683544303797468,
        "support": 410.0
    },
    "shoes": {
        "precision": 0.9411764705882353,
        "recall": 0.9820971867007673,
        "f1-score": 0.9612015018773467,
        "support": 391.0
    },
    "trash": {
        "precision": 0.9005847953216374,
        "recall": 0.8020833333333334,
        "f1-score": 0.8484848484848485,
        "support": 192.0
    },
    "accuracy": 0.9316801619433198,
    "macro avg": {
        "precision": 0.9139841769782164,
        "recall": 0.9166542522376462,
        "f1-score": 0.9146257111757983,
        "support": 3952.0
    },
    "weighted avg": {
        "precision": 0.9318999231588828,
        "recall": 0.9316801619433198,
        "f1-score": 0.9313482151590217,
        "support": 3952.0
    }
}