{
    "battery": {
        "precision": 0.9783783783783784,
        "recall": 0.9329896907216495,
        "f1-score": 0.9551451187335093,
        "support": 194.0
    },
    "biological": {
        "precision": 0.9679144385026738,
        "recall": 0.9627659574468085,
        "f1-score": 0.9653333333333334,
        "support": 188.0
    },
    "cardboard": {
        "precision": 0.9339080459770115,
        "recall": 0.9180790960451978,
        "f1-score": 0.9259259259259259,
        "support": 354.0
    },
    "clothes": {
        "precision": 0.9950738916256158,
        "recall": 0.9824902723735408,
        "f1-score": 0.9887420460107684,
        "support": 1028.0
    },
    "glass": {
        "precision": 0.8931185944363104,
        "recall": 0.9457364341085271,
        "f1-score": 0.9186746987951807,
        "support": 645.0
    },
    "metal": {
        "precision": 0.8165137614678899,
        "recall": 0.8944723618090452,
        "f1-score": 0.8537170263788969,
        "support": 199.0
    },
    "paper": {
        "precision": 0.9207317073170732,
        "recall": 0.9069069069069069,
        "f1-score": 0.913767019667171,
        "support": 333.0
    },
    "plastic": {
        "precision": 0.9105263157894737,
        "recall": 0.8160377358490566,
        "f1-score": 0.8606965174129353,
        "support": 424.0
    },
    "shoes": {
        "precision": 0.9134615384615384,
        "recall": 0.979381443298969,
        "f1-score": 0.945273631840796,
        "support": 388.0
    },
    "trash": {
        "precision": 0.859375,
        "recall": 0.8291457286432161,
        "f1-score": 0.8439897698209718,
        "support": 199.0
    },
    "accuracy": 0.930668016194332,
    "macro avg": {
        "precision": 0.9189001671955965,
        "recall": 0.9168005627202916,
        "f1-score": 0.9171265087919489,
        "support": 3952.0
    },
    "weighted avg": {
        "precision": 0.9316715533929232,
        "recall": 0.930668016194332,
        "f1-score": 0.9305061143803042,
        "support": 3952.0
    }
}