{
    "battery": {
        "precision": 0.9390862944162437,
        "recall": 0.9736842105263158,
        "f1-score": 0.9560723514211886,
        "support": 190.0
    },
    "biological": {
        "precision": 0.9846153846153847,
        "recall": 0.9696969696969697,
        "f1-score": 0.9770992366412213,
        "support": 198.0
    },
    "cardboard": {
        "precision": 0.9450867052023122,
        "recall": 0.923728813559322,
        "f1-score": 0.9342857142857143,
        "support": 354.0
    },
    "clothes": {
        "precision": 0.9915651358950328,
        "recall": 0.9860205032618826,
        "f1-score": 0.9887850467289719,
        "support": 1073.0
    },
    "glass": {
        "precision": 0.9190031152647975,
        "recall": 0.9546925566343042,
        "f1-score": 0.9365079365079365,
        "support": 618.0
    },
    "metal": {
        "precision": 0.8697674418604651,
        "recall": 0.8947368421052632,
        "f1-score": 0.8820754716981132,
        "support": 209.0
    },
    "paper": {
        "precision": 0.9096573208722741,
        "recall": 0.9329073482428115,
        "f1-score": 0.9211356466876972,
        "support": 313.0
    },
    "plastic": {
        "precision": 0.9451697127937336,
        "recall": 0.8701923076923077,
        "f1-score": 0.9061326658322904,
        "support": 416.0
    },
    "shoes": {
        "precision": 0.9605911330049262,
        "recall": 0.9798994974874372,
        "f1-score": 0.9701492537313433,
        "support": 398.0
    },
    "trash": {
        "precision": 0.8833333333333333,
        "recall": 0.8688524590163934,
        "f1-score": 0.8760330578512396,
        "support": 183.0
    },
    "accuracy": 0.9468623481781376,
    "macro avg": {
        "precision": 0.9347875577258502,
        "recall": 0.9354411508223007,
        "f1-score": 0.9348276381385716,
        "support": 3952.0
    },
    "weighted avg": {
        "precision": 0.9472404504108246,
        "recall": 0.9468623481781376,
        "f1-score": 0.9467709187602381,
        "support": 3952.0
    }
}