{
    "cardboard": {
        "precision": 1.0,
        "recall": 0.9578947368421052,
        "f1-score": 0.978494623655914,
        "support": 95.0
    },
    "glass": {
        "precision": 0.9519230769230769,
        "recall": 0.9428571428571428,
        "f1-score": 0.9473684210526315,
        "support": 105.0
    },
    "metal": {
        "precision": 0.8955223880597015,
        "recall": 0.967741935483871,
        "f1-score": 0.9302325581395349,
        "support": 62.0
    },
    "paper": {
        "precision": 0.9655172413793104,
        "recall": 0.9655172413793104,
        "f1-score": 0.9655172413793104,
        "support": 116.0
    },
    "plastic": {
        "precision": 0.9523809523809523,
        "recall": 0.9523809523809523,
        "f1-score": 0.9523809523809523,
        "support": 105.0
    },
    "trash": {
        "precision": 0.9090909090909091,
        "recall": 0.9090909090909091,
        "f1-score": 0.9090909090909091,
        "support": 22.0
    },
    "accuracy": 0.9544554455445544,
    "macro avg": {
        "precision": 0.9457390946389918,
        "recall": 0.9492471530057153,
        "f1-score": 0.9471807842832086,
        "support": 505.0
    },
    "weighted avg": {
        "precision": 0.9553946755180684,
        "recall": 0.9544554455445544,
        "f1-score": 0.9546635486385927,
        "support": 505.0
    }
}