{
    "cardboard": {
        "precision": 1.0,
        "recall": 0.7951807228915663,
        "f1-score": 0.8859060402684564,
        "support": 83.0
    },
    "glass": {
        "precision": 0.8137254901960784,
        "recall": 0.8829787234042553,
        "f1-score": 0.8469387755102041,
        "support": 94.0
    },
    "metal": {
        "precision": 0.8433734939759037,
        "recall": 0.8641975308641975,
        "f1-score": 0.8536585365853658,
        "support": 81.0
    },
    "paper": {
        "precision": 0.8633093525179856,
        "recall": 0.967741935483871,
        "f1-score": 0.9125475285171103,
        "support": 124.0
    },
    "plastic": {
        "precision": 0.83,
        "recall": 0.8556701030927835,
        "f1-score": 0.8426395939086294,
        "support": 97.0
    },
    "trash": {
        "precision": 0.7333333333333333,
        "recall": 0.4230769230769231,
        "f1-score": 0.5365853658536586,
        "support": 26.0
    },
    "accuracy": 0.8574257425742574,
    "macro avg": {
        "precision": 0.8472902783372168,
        "recall": 0.7981409898022661,
        "f1-score": 0.8130459734405706,
        "support": 505.0
    },
    "weighted avg": {
        "precision": 0.8602583672660918,
        "recall": 0.8574257425742574,
        "f1-score": 0.8537266165566526,
        "support": 505.0
    }
}