{
    "cardboard": {
        "precision": 0.9873417721518988,
        "recall": 0.8571428571428571,
        "f1-score": 0.9176470588235294,
        "support": 91.0
    },
    "glass": {
        "precision": 0.8942307692307693,
        "recall": 0.8942307692307693,
        "f1-score": 0.8942307692307693,
        "support": 104.0
    },
    "metal": {
        "precision": 0.7849462365591398,
        "recall": 0.948051948051948,
        "f1-score": 0.8588235294117647,
        "support": 77.0
    },
    "paper": {
        "precision": 0.8760330578512396,
        "recall": 0.9464285714285714,
        "f1-score": 0.9098712446351931,
        "support": 112.0
    },
    "plastic": {
        "precision": 0.9166666666666666,
        "recall": 0.9072164948453608,
        "f1-score": 0.9119170984455959,
        "support": 97.0
    },
    "trash": {
        "precision": 0.75,
        "recall": 0.375,
        "f1-score": 0.5,
        "support": 24.0
    },
    "accuracy": 0.8851485148514852,
    "macro avg": {
        "precision": 0.8682030837432858,
        "recall": 0.8213451067832511,
        "f1-score": 0.8320816167578086,
        "support": 505.0
    },
    "weighted avg": {
        "precision": 0.8877650111423407,
        "recall": 0.8851485148514852,
        "f1-score": 0.8811818456752704,
        "support": 505.0
    }
}