{
    "aerosol_cans": {
        "precision": 0.7017543859649122,
        "recall": 0.851063829787234,
        "f1-score": 0.7692307692307693,
        "support": 94.0
    },
    "aluminum_food_cans": {
        "precision": 0.39473684210526316,
        "recall": 0.15625,
        "f1-score": 0.22388059701492538,
        "support": 96.0
    },
    "aluminum_soda_cans": {
        "precision": 0.6875,
        "recall": 0.6875,
        "f1-score": 0.6875,
        "support": 96.0
    },
    "cardboard_boxes": {
        "precision": 0.6363636363636364,
        "recall": 0.625,
        "f1-score": 0.6306306306306306,
        "support": 112.0
    },
    "cardboard_packaging": {
        "precision": 0.5494505494505495,
        "recall": 0.5,
        "f1-score": 0.5235602094240838,
        "support": 100.0
    },
    "clothing": {
        "precision": 0.8313253012048193,
        "recall": 0.8117647058823529,
        "f1-score": 0.8214285714285714,
        "support": 85.0
    },
    "coffee_grounds": {
        "precision": 0.8990825688073395,
        "recall": 0.9333333333333333,
        "f1-score": 0.9158878504672897,
        "support": 105.0
    },
    "disposable_plastic_cutlery": {
        "precision": 0.9306930693069307,
        "recall": 0.9215686274509803,
        "f1-score": 0.9261083743842364,
        "support": 102.0
    },
    "eggshells": {
        "precision": 0.8596491228070176,
        "recall": 0.8521739130434782,
        "f1-score": 0.8558951965065502,
        "support": 115.0
    },
    "food_waste": {
        "precision": 0.8602150537634409,
        "recall": 0.8333333333333334,
        "f1-score": 0.8465608465608465,
        "support": 96.0
    },
    "glass_beverage_bottles": {
        "precision": 0.7350427350427351,
        "recall": 0.8514851485148515,
        "f1-score": 0.7889908256880734,
        "support": 101.0
    },
    "glass_cosmetic_containers": {
        "precision": 0.7477477477477478,
        "recall": 0.7477477477477478,
        "f1-score": 0.7477477477477478,
        "support": 111.0
    },
    "glass_food_jars": {
        "precision": 0.8333333333333334,
        "recall": 0.75,
        "f1-score": 0.7894736842105263,
        "support": 100.0
    },
    "magazines": {
        "precision": 0.8076923076923077,
        "recall": 0.8571428571428571,
        "f1-score": 0.8316831683168316,
        "support": 98.0
    },
    "newspaper": {
        "precision": 0.5789473684210527,
        "recall": 0.6962025316455697,
        "f1-score": 0.632183908045977,
        "support": 79.0
    },
    "office_paper": {
        "precision": 0.5703125,
        "recall": 0.7373737373737373,
        "f1-score": 0.6431718061674009,
        "support": 99.0
    },
    "paper_cups": {
        "precision": 0.6814159292035398,
        "recall": 0.6015625,
        "f1-score": 0.6390041493775933,
        "support": 128.0
    },
    "plastic_cup_lids": {
        "precision": 0.7047619047619048,
        "recall": 0.6915887850467289,
        "f1-score": 0.6981132075471698,
        "support": 107.0
    },
    "plastic_detergent_bottles": {
        "precision": 0.8387096774193549,
        "recall": 0.9454545454545454,
        "f1-score": 0.8888888888888888,
        "support": 110.0
    },
    "plastic_food_containers": {
        "precision": 0.6403508771929824,
        "recall": 0.7373737373737373,
        "f1-score": 0.6854460093896714,
        "support": 99.0
    },
    "plastic_shopping_bags": {
        "precision": 0.7981651376146789,
        "recall": 0.8877551020408163,
        "f1-score": 0.8405797101449275,
        "support": 98.0
    },
    "plastic_soda_bottles": {
        "precision": 0.8235294117647058,
        "recall": 0.5773195876288659,
        "f1-score": 0.6787878787878788,
        "support": 97.0
    },
    "plastic_straws": {
        "precision": 0.8365384615384616,
        "recall": 0.8787878787878788,
        "f1-score": 0.8571428571428571,
        "support": 99.0
    },
    "plastic_trash_bags": {
        "precision": 0.898876404494382,
        "recall": 0.7207207207207207,
        "f1-score": 0.8,
        "support": 111.0
    },
    "plastic_water_bottles": {
        "precision": 0.9078947368421053,
        "recall": 0.6571428571428571,
        "f1-score": 0.7624309392265194,
        "support": 105.0
    },
    "shoes": {
        "precision": 0.9263157894736842,
        "recall": 0.9263157894736842,
        "f1-score": 0.9263157894736842,
        "support": 95.0
    },
    "steel_food_cans": {
        "precision": 0.4701492537313433,
        "recall": 0.7078651685393258,
        "f1-score": 0.5650224215246636,
        "support": 89.0
    },
    "styrofoam_cups": {
        "precision": 0.671875,
        "recall": 0.8865979381443299,
        "f1-score": 0.7644444444444445,
        "support": 97.0
    },
    "styrofoam_food_containers": {
        "precision": 0.8518518518518519,
        "recall": 0.5679012345679012,
        "f1-score": 0.6814814814814815,
        "support": 81.0
    },
    "tea_bags": {
        "precision": 0.7096774193548387,
        "recall": 0.6947368421052632,
        "f1-score": 0.7021276595744681,
        "support": 95.0
    },
    "accuracy": 0.744,
    "macro avg": {
        "precision": 0.7461319459084973,
        "recall": 0.7431020817427377,
        "f1-score": 0.7374573207609568,
        "support": 3000.0
    },
    "weighted avg": {
        "precision": 0.7483937214221876,
        "recall": 0.744,
        "f1-score": 0.7393645818703056,
        "support": 3000.0
    }
}