{
    "cardboard": {
        "precision": 0.9859154929577465,
        "recall": 0.9090909090909091,
        "f1-score": 0.9459459459459459,
        "support": 77.0
    },
    "glass": {
        "precision": 0.9519230769230769,
        "recall": 0.9166666666666666,
        "f1-score": 0.9339622641509434,
        "support": 108.0
    },
    "metal": {
        "precision": 0.91,
        "recall": 0.9680851063829787,
        "f1-score": 0.9381443298969072,
        "support": 94.0
    },
    "paper": {
        "precision": 0.9035087719298246,
        "recall": 0.9537037037037037,
        "f1-score": 0.9279279279279279,
        "support": 108.0
    },
    "plastic": {
        "precision": 0.9347826086956522,
        "recall": 0.9052631578947369,
        "f1-score": 0.9197860962566845,
        "support": 95.0
    },
    "trash": {
        "precision": 0.75,
        "recall": 0.782608695652174,
        "f1-score": 0.7659574468085106,
        "support": 23.0
    },
    "accuracy": 0.9247524752475248,
    "macro avg": {
        "precision": 0.9060216584177166,
        "recall": 0.905903039898528,
        "f1-score": 0.9052873351644865,
        "support": 505.0
    },
    "weighted avg": {
        "precision": 0.9265276840791026,
        "recall": 0.9247524752475248,
        "f1-score": 0.9249589029973186,
        "support": 505.0
    }
}