{
    "cardboard": {
        "precision": 0.9565217391304348,
        "recall": 0.9565217391304348,
        "f1-score": 0.9565217391304348,
        "support": 69.0
    },
    "glass": {
        "precision": 0.9333333333333333,
        "recall": 0.9607843137254902,
        "f1-score": 0.9468599033816425,
        "support": 102.0
    },
    "metal": {
        "precision": 0.9148936170212766,
        "recall": 0.9772727272727273,
        "f1-score": 0.945054945054945,
        "support": 88.0
    },
    "paper": {
        "precision": 0.967741935483871,
        "recall": 0.975609756097561,
        "f1-score": 0.97165991902834,
        "support": 123.0
    },
    "plastic": {
        "precision": 0.975,
        "recall": 0.8764044943820225,
        "f1-score": 0.9230769230769231,
        "support": 89.0
    },
    "trash": {
        "precision": 0.8787878787878788,
        "recall": 0.8529411764705882,
        "f1-score": 0.8656716417910447,
        "support": 34.0
    },
    "accuracy": 0.9445544554455445,
    "macro avg": {
        "precision": 0.9377130839594657,
        "recall": 0.9332557011798039,
        "f1-score": 0.934807511910555,
        "support": 505.0
    },
    "weighted avg": {
        "precision": 0.9453399687944086,
        "recall": 0.9445544554455445,
        "f1-score": 0.9442483115346342,
        "support": 505.0
    }
}