{
    "battery": {
        "precision": 0.8895027624309392,
        "recall": 0.9817073170731707,
        "f1-score": 0.9333333333333333,
        "support": 164.0
    },
    "biological": {
        "precision": 0.9552238805970149,
        "recall": 0.9458128078817734,
        "f1-score": 0.9504950495049505,
        "support": 203.0
    },
    "cardboard": {
        "precision": 0.943502824858757,
        "recall": 0.9542857142857143,
        "f1-score": 0.9488636363636364,
        "support": 350.0
    },
    "clothes": {
        "precision": 0.993601462522852,
        "recall": 0.985494106980961,
        "f1-score": 0.9895311788802913,
        "support": 1103.0
    },
    "glass": {
        "precision": 0.9427609427609428,
        "recall": 0.9380234505862647,
        "f1-score": 0.9403862300587741,
        "support": 597.0
    },
    "metal": {
        "precision": 0.9033816425120773,
        "recall": 0.8862559241706162,
        "f1-score": 0.8947368421052632,
        "support": 211.0
    },
    "paper": {
        "precision": 0.9538461538461539,
        "recall": 0.9037900874635568,
        "f1-score": 0.9281437125748503,
        "support": 343.0
    },
    "plastic": {
        "precision": 0.8571428571428571,
        "recall": 0.9047619047619048,
        "f1-score": 0.8803088803088803,
        "support": 378.0
    },
    "shoes": {
        "precision": 0.9568345323741008,
        "recall": 0.9545454545454546,
        "f1-score": 0.9556886227544911,
        "support": 418.0
    },
    "trash": {
        "precision": 0.9,
        "recall": 0.8756756756756757,
        "f1-score": 0.8876712328767123,
        "support": 185.0
    },
    "accuracy": 0.944838056680162,
    "macro avg": {
        "precision": 0.9295797059045695,
        "recall": 0.9330352443425094,
        "f1-score": 0.9309158718761184,
        "support": 3952.0
    },
    "weighted avg": {
        "precision": 0.9456035367821546,
        "recall": 0.944838056680162,
        "f1-score": 0.9449846787300618,
        "support": 3952.0
    }
}