{
    "model_type": "EfficientNetV2-S",
    "num_classes": 10,
    "class_names": [
        "battery",
        "biological",
        "cardboard",
        "clothes",
        "glass",
        "metal",
        "paper",
        "plastic",
        "shoes",
        "trash"
    ],
    "parameters": 20190298,
    "trainable_parameters": 12810,
    "val_accuracy": 0.9228238866396761,
    "test_accuracy": 0.9281740010116338,
    "val_f1_score": 0.9225151397885248,
    "test_f1_score": 0.927956167987015,
    "per_class_f1": {
        "battery": 0.9166666666666666,
        "biological": 0.9478260869565217,
        "cardboard": 0.9107142857142857,
        "clothes": 0.9877010406811731,
        "glass": 0.9255150554675119,
        "metal": 0.8114285714285714,
        "paper": 0.8979591836734694,
        "plastic": 0.88,
        "shoes": 0.9653333333333334,
        "trash": 0.8210526315789474
    }
}