{
    "cardboard": {
        "precision": 0.9452054794520548,
        "recall": 0.9583333333333334,
        "f1-score": 0.9517241379310345,
        "support": 72.0
    },
    "glass": {
        "precision": 0.9292929292929293,
        "recall": 0.9387755102040817,
        "f1-score": 0.934010152284264,
        "support": 98.0
    },
    "metal": {
        "precision": 0.8210526315789474,
        "recall": 0.9397590361445783,
        "f1-score": 0.8764044943820225,
        "support": 83.0
    },
    "paper": {
        "precision": 0.9304347826086956,
        "recall": 0.9385964912280702,
        "f1-score": 0.9344978165938864,
        "support": 114.0
    },
    "plastic": {
        "precision": 0.9591836734693877,
        "recall": 0.8703703703703703,
        "f1-score": 0.912621359223301,
        "support": 108.0
    },
    "trash": {
        "precision": 0.88,
        "recall": 0.7333333333333333,
        "f1-score": 0.8,
        "support": 30.0
    },
    "accuracy": 0.9148514851485149,
    "macro avg": {
        "precision": 0.9108615827336691,
        "recall": 0.896528012435628,
        "f1-score": 0.9015429934024181,
        "support": 505.0
    },
    "weighted avg": {
        "precision": 0.9174936078502827,
        "recall": 0.9148514851485149,
        "f1-score": 0.914642700547366,
        "support": 505.0
    }
}